-- MariaDB dump 10.19-11.2.2-MariaDB, for Win64 (AMD64)
--
-- Host: 127.0.0.1    Database: aq_pos
-- ------------------------------------------------------
-- Server version	11.2.2-MariaDB

/*!40101 SET @OLD_CHARACTER_SET_CLIENT=@@CHARACTER_SET_CLIENT */;
/*!40101 SET @OLD_CHARACTER_SET_RESULTS=@@CHARACTER_SET_RESULTS */;
/*!40101 SET @OLD_COLLATION_CONNECTION=@@COLLATION_CONNECTION */;
/*!40101 SET NAMES utf8mb4 */;
/*!40103 SET @OLD_TIME_ZONE=@@TIME_ZONE */;
/*!40103 SET TIME_ZONE='+00:00' */;
/*!40014 SET @OLD_UNIQUE_CHECKS=@@UNIQUE_CHECKS, UNIQUE_CHECKS=0 */;
/*!40014 SET @OLD_FOREIGN_KEY_CHECKS=@@FOREIGN_KEY_CHECKS, FOREIGN_KEY_CHECKS=0 */;
/*!40101 SET @OLD_SQL_MODE=@@SQL_MODE, SQL_MODE='NO_AUTO_VALUE_ON_ZERO' */;
/*!40111 SET @OLD_SQL_NOTES=@@SQL_NOTES, SQL_NOTES=0 */;

--
-- Current Database: `aq_pos`
--

CREATE DATABASE /*!32312 IF NOT EXISTS*/ `aq_pos` /*!40100 DEFAULT CHARACTER SET utf8mb4 COLLATE utf8mb4_unicode_ci */;

USE `aq_pos`;

--
-- Table structure for table `accounting_journal`
--

DROP TABLE IF EXISTS `accounting_journal`;
/*!40101 SET @saved_cs_client     = @@character_set_client */;
/*!40101 SET character_set_client = utf8 */;
CREATE TABLE `accounting_journal` (
  `id` int(11) NOT NULL AUTO_INCREMENT,
  `ref_type` enum('sale','return','purchase','expense','receipt','adjustment') NOT NULL COMMENT 'نوع المرجع',
  `ref_id` int(11) DEFAULT NULL COMMENT 'رقم المرجع (الفاتورة أو العملية)',
  `account_debit` varchar(100) NOT NULL COMMENT 'الحساب المدين',
  `account_credit` varchar(100) NOT NULL COMMENT 'الحساب الدائن',
  `amount` double NOT NULL DEFAULT 0 COMMENT 'المبلغ (ر.ي)',
  `description` varchar(500) DEFAULT NULL COMMENT 'وصف القيد',
  `currency_code` varchar(10) DEFAULT 'YER',
  `exchange_rate` double DEFAULT 1,
  `amount_foreign` double DEFAULT 0 COMMENT 'المبلغ بالعملة الأجنبية',
  `user` varchar(100) DEFAULT NULL,
  `created_at` timestamp NOT NULL DEFAULT current_timestamp(),
  `box_id` int(11) DEFAULT NULL,
  PRIMARY KEY (`id`),
  KEY `idx_journal_ref` (`ref_type`,`ref_id`)
) ENGINE=InnoDB AUTO_INCREMENT=10 DEFAULT CHARSET=utf8mb4 COLLATE=utf8mb4_general_ci COMMENT='دفتر اليومية المحاسبية';
/*!40101 SET character_set_client = @saved_cs_client */;

--
-- Dumping data for table `accounting_journal`
--

LOCK TABLES `accounting_journal` WRITE;
/*!40000 ALTER TABLE `accounting_journal` DISABLE KEYS */;
/*!40000 ALTER TABLE `accounting_journal` ENABLE KEYS */;
UNLOCK TABLES;

--
-- Table structure for table `categories`
--

DROP TABLE IF EXISTS `categories`;
/*!40101 SET @saved_cs_client     = @@character_set_client */;
/*!40101 SET character_set_client = utf8 */;
CREATE TABLE `categories` (
  `catid` int(11) unsigned NOT NULL AUTO_INCREMENT,
  `name` varchar(20) NOT NULL,
  `d_s` int(11) NOT NULL,
  PRIMARY KEY (`catid`),
  KEY `catname` (`name`)
) ENGINE=InnoDB AUTO_INCREMENT=50 DEFAULT CHARSET=utf8mb4 COLLATE=utf8mb4_general_ci;
/*!40101 SET character_set_client = @saved_cs_client */;

--
-- Dumping data for table `categories`
--

LOCK TABLES `categories` WRITE;
/*!40000 ALTER TABLE `categories` DISABLE KEYS */;
INSERT INTO `categories` VALUES
(1,'سماعة بلوتوث ايربودز',0),
(2,'سماعة بلوتوث اذن',0),
(4,'سماعات رأس بلوتوث',0),
(5,'سماعات سلك',0),
(6,'MP3 بلوتوث',0),
(7,'مكائن حلاقة',0),
(8,'مودمات',0),
(9,'هواتف ثابت',0),
(10,'رسيرفرات',0),
(11,'قواعد شاشة',0),
(12,'فواحات',0),
(13,'اكسسوارات رسيرفرات',0),
(14,'اشتراكات شحن',0),
(15,'قواعد شحن',0),
(16,'رؤوس شحن',0),
(17,'شواحن',0),
(18,'مراوح',0),
(19,'كيبوردات',0),
(20,'ماوسات',0),
(21,'أيدي كمبيوتر',0),
(22,'تحويلات S8',0),
(23,'توصيلات فلاش',0),
(24,'',0),
(25,'أيدي بوبجي',0),
(26,'أصبع بوبجي',0),
(27,'ريمونتات',0),
(28,'خلفيات',0),
(29,'محافظ',0),
(30,'ذواكر وفلاشات',0),
(31,'خوازن',0),
(32,'لواصق زجاجي',0),
(33,'لواصق آيباد',0),
(34,'لواصق ليزر',0),
(35,'لواصق حراري',0),
(36,'لواصق آيفون',0),
(37,'حامل شرائح',0),
(39,'غلافات خلفية',0),
(40,'لمبات',0),
(42,'محافظ آيباد',0),
(43,'بطاريات',0),
(44,'قواعد جوال',0),
(45,'جوالات',0),
(46,'آيبادات',0),
(47,'الاكسسوارات',0),
(48,'توصيلات',0),
(49,'غلاف بطارية خلفي',0);
/*!40000 ALTER TABLE `categories` ENABLE KEYS */;
UNLOCK TABLES;

--
-- Table structure for table `currencies`
--

DROP TABLE IF EXISTS `currencies`;
/*!40101 SET @saved_cs_client     = @@character_set_client */;
/*!40101 SET character_set_client = utf8 */;
CREATE TABLE `currencies` (
  `id` int(11) NOT NULL AUTO_INCREMENT,
  `name` varchar(100) NOT NULL,
  `code` varchar(10) NOT NULL,
  `symbol` varchar(10) NOT NULL,
  `exchange_rate` double NOT NULL DEFAULT 1,
  `is_base` tinyint(1) NOT NULL DEFAULT 0,
  PRIMARY KEY (`id`),
  UNIQUE KEY `code` (`code`)
) ENGINE=InnoDB AUTO_INCREMENT=4 DEFAULT CHARSET=utf8mb4 COLLATE=utf8mb4_general_ci;
/*!40101 SET character_set_client = @saved_cs_client */;

--
-- Dumping data for table `currencies`
--

LOCK TABLES `currencies` WRITE;
/*!40000 ALTER TABLE `currencies` DISABLE KEYS */;
INSERT INTO `currencies` VALUES
(1,'ريال يمني','YER','ر.ي',1,1),
(2,'دولار أمريكي','USD','$',530,0),
(3,'ريال سعودي','SAR','ر.س',140,0);
/*!40000 ALTER TABLE `currencies` ENABLE KEYS */;
UNLOCK TABLES;

--
-- Table structure for table `customers`
--

DROP TABLE IF EXISTS `customers`;
/*!40101 SET @saved_cs_client     = @@character_set_client */;
/*!40101 SET character_set_client = utf8 */;
CREATE TABLE `customers` (
  `cust_id` int(11) NOT NULL AUTO_INCREMENT,
  `cust_name` varchar(100) NOT NULL,
  `cust_madeen` double(100,2) NOT NULL,
  `cust_daain` double NOT NULL,
  `sale_date` date NOT NULL,
  `take_date` date DEFAULT NULL,
  `phone` varchar(100) NOT NULL,
  `d_s` int(11) NOT NULL,
  PRIMARY KEY (`cust_id`)
) ENGINE=InnoDB AUTO_INCREMENT=4 DEFAULT CHARSET=utf8mb4 COLLATE=utf8mb4_general_ci;
/*!40101 SET character_set_client = @saved_cs_client */;

--
-- Dumping data for table `customers`
--

LOCK TABLES `customers` WRITE;
/*!40000 ALTER TABLE `customers` DISABLE KEYS */;
/*!40000 ALTER TABLE `customers` ENABLE KEYS */;
UNLOCK TABLES;

--
-- Table structure for table `expenses`
--

DROP TABLE IF EXISTS `expenses`;
/*!40101 SET @saved_cs_client     = @@character_set_client */;
/*!40101 SET character_set_client = utf8 */;
CREATE TABLE `expenses` (
  `m_id` int(11) NOT NULL AUTO_INCREMENT,
  `sname` varchar(100) NOT NULL,
  `m_price` double NOT NULL,
  `remark` varchar(100) NOT NULL,
  `m_date` date NOT NULL,
  `s` int(11) NOT NULL,
  PRIMARY KEY (`m_id`)
) ENGINE=InnoDB AUTO_INCREMENT=2 DEFAULT CHARSET=utf8mb4 COLLATE=utf8mb4_general_ci;
/*!40101 SET character_set_client = @saved_cs_client */;

--
-- Dumping data for table `expenses`
--

LOCK TABLES `expenses` WRITE;
/*!40000 ALTER TABLE `expenses` DISABLE KEYS */;
/*!40000 ALTER TABLE `expenses` ENABLE KEYS */;
UNLOCK TABLES;

--
-- Table structure for table `inventory_log`
--

DROP TABLE IF EXISTS `inventory_log`;
/*!40101 SET @saved_cs_client     = @@character_set_client */;
/*!40101 SET character_set_client = utf8 */;
CREATE TABLE `inventory_log` (
  `id` int(11) NOT NULL AUTO_INCREMENT,
  `product_id` int(11) NOT NULL,
  `product_name` varchar(255) NOT NULL,
  `type` enum('purchase','sale','manual') NOT NULL,
  `qty_change` int(11) NOT NULL,
  `new_qty` int(11) NOT NULL,
  `reason` varchar(255) DEFAULT NULL,
  `user` varchar(100) NOT NULL,
  `created_at` timestamp NOT NULL DEFAULT current_timestamp(),
  PRIMARY KEY (`id`)
) ENGINE=InnoDB DEFAULT CHARSET=utf8mb4 COLLATE=utf8mb4_general_ci;
/*!40101 SET character_set_client = @saved_cs_client */;

--
-- Dumping data for table `inventory_log`
--

LOCK TABLES `inventory_log` WRITE;
/*!40000 ALTER TABLE `inventory_log` DISABLE KEYS */;
/*!40000 ALTER TABLE `inventory_log` ENABLE KEYS */;
UNLOCK TABLES;

--
-- Table structure for table `lastt`
--

DROP TABLE IF EXISTS `lastt`;
/*!40101 SET @saved_cs_client     = @@character_set_client */;
/*!40101 SET character_set_client = utf8 */;
CREATE TABLE `lastt` (
  `bush_id` int(11) NOT NULL AUTO_INCREMENT,
  `supp_name` varchar(100) NOT NULL,
  `bush_price` double NOT NULL,
  `remark` varchar(100) NOT NULL,
  `bush_date` date NOT NULL,
  PRIMARY KEY (`bush_id`),
  KEY `bush_id` (`bush_id`)
) ENGINE=InnoDB AUTO_INCREMENT=5 DEFAULT CHARSET=utf8mb4 COLLATE=utf8mb4_general_ci;
/*!40101 SET character_set_client = @saved_cs_client */;

--
-- Dumping data for table `lastt`
--

LOCK TABLES `lastt` WRITE;
/*!40000 ALTER TABLE `lastt` DISABLE KEYS */;
INSERT INTO `lastt` VALUES
(4,'محمد حسين نايف بارق',681450,'الحساب السابق','2022-10-16');
/*!40000 ALTER TABLE `lastt` ENABLE KEYS */;
UNLOCK TABLES;

--
-- Table structure for table `products`
--

DROP TABLE IF EXISTS `products`;
/*!40101 SET @saved_cs_client     = @@character_set_client */;
/*!40101 SET character_set_client = utf8 */;
CREATE TABLE `products` (
  `id` int(11) unsigned NOT NULL AUTO_INCREMENT,
  `name` varchar(255) NOT NULL,
  `barcode` varchar(50) DEFAULT NULL,
  `quantity` int(20) DEFAULT NULL,
  `buy_price` decimal(25,2) DEFAULT NULL,
  `sale_price` decimal(25,2) NOT NULL,
  `catid` int(11) unsigned NOT NULL,
  `date` datetime NOT NULL,
  `delete_status` int(11) NOT NULL,
  `total` double NOT NULL,
  PRIMARY KEY (`id`),
  UNIQUE KEY `name` (`name`),
  UNIQUE KEY `idx_products_barcode` (`barcode`),
  KEY `categorie_id` (`catid`),
  KEY `quantity` (`quantity`)
) ENGINE=InnoDB AUTO_INCREMENT=601 DEFAULT CHARSET=utf8mb3 COLLATE=utf8mb3_general_ci;
/*!40101 SET character_set_client = @saved_cs_client */;

--
-- Dumping data for table `products`
--

LOCK TABLES `products` WRITE;
/*!40000 ALTER TABLE `products` DISABLE KEYS */;
INSERT INTO `products` VALUES
(6,'سماعة جلاكسي بودز برو',NULL,6,7300.00,9500.00,1,'2022-10-12 04:36:47',0,43800),
(7,'سماعة جلاكسي بودز لايف',NULL,4,7500.00,9500.00,1,'2022-10-12 04:38:29',0,30000),
(8,'سماعة ابل اير بودز برو وكالة',NULL,5,8300.00,11000.00,1,'2022-10-12 04:40:17',0,24900),
(9,'سماعة ابل اير بودز3 وكالة',NULL,3,7500.00,10000.00,2,'2022-10-12 04:41:25',0,22500),
(10,'سماعة ابل اير بودز ملون عادي',NULL,5,3000.00,4500.00,1,'2022-10-12 04:44:43',0,15000),
(11,'i12 سماعة ابل اير بودز ملون عادي',NULL,5,2600.00,3500.00,1,'2022-10-12 04:49:30',0,13000),
(12,'i12 سماعة ابل اير بودز ملون أصلي',NULL,2,3200.00,4500.00,1,'2022-10-12 04:50:42',0,6400),
(13,'i31 سماعة ابل اير بودز أصلي',NULL,1,5400.00,6000.00,1,'2022-10-12 04:52:08',0,5400),
(14,'i11 سماعة ابل اير بودز',NULL,2,2600.00,3500.00,1,'2022-10-12 04:53:23',0,5200),
(15,'عادي i12 سماعة ابل اير بودز',NULL,6,2100.00,3000.00,1,'2022-10-12 04:54:42',0,2100),
(16,'i14 سماعة ابل اير بودز',NULL,2,2600.00,4000.00,1,'2022-10-12 04:55:47',0,5200),
(17,'i15 سماعة ابل اير بودز',NULL,2,2600.00,4000.00,1,'2022-10-12 04:57:04',0,5200),
(18,'i18 سماعة ابل اير بودز',NULL,1,2600.00,4000.00,1,'2022-10-12 04:58:46',0,2600),
(19,'TG-807 MP3 سماعة اير بودز مع ',NULL,1,5600.00,7500.00,1,'2022-10-12 05:01:15',0,5600),
(20,'سماعة لينوفو',NULL,2,7500.00,10000.00,1,'2022-10-12 05:02:13',0,15000),
(21,'SGS-BB سماعة رأس ',NULL,1,2900.00,4000.00,4,'2022-10-12 05:06:57',0,2900),
(22,'K2 سماعة رأس بوبجي',NULL,1,2300.00,3500.00,4,'2022-10-12 05:10:37',0,2300),
(23,'B47 سماعة رأس',NULL,3,1900.00,3000.00,4,'2022-10-12 05:12:48',0,5700),
(24,'E 560 سماعة رأس',NULL,1,3900.00,5000.00,4,'2022-10-12 05:14:33',0,3900),
(25,'A3 سماعة رأس',NULL,1,3500.00,5000.00,4,'2022-10-12 05:15:24',0,3500),
(26,'B39 سماعة رأس',NULL,1,3400.00,5000.00,4,'2022-10-12 05:16:18',0,3400),
(27,'Y08 سماعة رأس',NULL,1,2500.00,4000.00,4,'2022-10-12 05:21:32',0,2500),
(28,'BT سماعة رأس ابو طوق الاصلي',NULL,1,4200.00,6000.00,4,'2022-10-12 05:25:19',0,4200),
(29,'XB 550 سماعة رأس اوكس',NULL,1,2000.00,3500.00,4,'2022-10-12 05:27:31',0,2000),
(30,'JB 950 سماعة رأس',NULL,1,4000.00,5500.00,4,'2022-10-12 05:29:00',0,4000),
(31,'LY-021 سماعة رأس',NULL,1,4200.00,6000.00,4,'2022-10-12 05:33:24',0,4200),
(32,'22HR سماعة رأس',NULL,1,4200.00,6000.00,4,'2022-10-12 05:34:04',0,4200),
(33,'M9 سماعة بلوتوث',NULL,1,1600.00,2500.00,2,'2022-10-12 05:36:27',0,1600),
(34,'M11 سماعة بلوتوث',NULL,4,1500.00,2500.00,2,'2022-10-12 05:38:11',0,6000),
(35,'GS-11 سماعة بلوتوث',NULL,2,1900.00,3000.00,2,'2022-10-12 05:39:00',0,3800),
(36,'GS-13 سماعة بلوتوث',NULL,1,1900.00,3000.00,2,'2022-10-12 05:39:40',0,1900),
(37,'S109 سماعة بلوتوث',NULL,1,1400.00,2500.00,2,'2022-10-12 05:40:49',0,1400),
(38,'G7 سماعة بلوتوث',NULL,1,3500.00,5000.00,2,'2022-10-12 05:41:30',0,3500),
(39,'G8 سماعة بلوتوث مايك طويل',NULL,1,1200.00,2500.00,2,'2022-10-12 05:42:34',0,1200),
(40,'SGS-888 سماعة بلوتوث',NULL,1,1500.00,2500.00,2,'2022-10-12 05:44:21',0,1500),
(41,'V8 سماعة بلوتوث',NULL,1,2400.00,4000.00,2,'2022-10-12 05:48:30',0,2400),
(42,'FASTION سماعة بلوتوث',NULL,2,750.00,1500.00,2,'2022-10-12 05:49:56',0,1500),
(43,' سماعة بلوتوث سلك ربل',NULL,2,1200.00,2000.00,2,'2022-10-12 05:50:47',0,2400),
(44,'M5 سماعة بلوتوث',NULL,1,1100.00,2000.00,2,'2022-10-12 05:58:07',0,1100),
(45,'TS-K1 سماعة بلوتوث',NULL,1,2600.00,3500.00,2,'2022-10-12 05:59:05',0,2600),
(46,'LT A سماعة ',NULL,6,1300.00,2000.00,5,'2022-10-12 08:04:28',0,7800),
(47,'B سماعة سوبر ',NULL,9,850.00,1500.00,5,'2022-10-12 08:06:49',0,7650),
(48,'سماعة تيماكس 395-380-350',NULL,20,920.00,1800.00,5,'2022-10-12 08:08:41',0,18400),
(49,'E330 سماعة تيماكس ',NULL,1,1650.00,2500.00,5,'2022-10-12 08:11:28',0,1650),
(50,'ET88 سماعة تيماكس ',NULL,1,1900.00,3000.00,5,'2022-10-12 08:12:43',0,1900),
(51,'IN-50 سماعة القوة الخارقة',NULL,2,910.00,1800.00,5,'2022-10-12 08:14:07',0,1820),
(52,'IN-14 سماعة القوة الخارقة',NULL,1,1060.00,2000.00,5,'2022-10-12 08:15:54',0,1060),
(53,'IN-66 سماعة القوة الخارقة',NULL,1,1800.00,3000.00,5,'2022-10-12 08:16:52',0,1800),
(54,'RM330 سماعة تيماكس',NULL,1,4900.00,6500.00,5,'2022-10-12 08:18:30',0,4900),
(55,'B and B S7 Galaxy سماعة ',NULL,57,250.00,600.00,5,'2022-10-12 08:21:26',0,14250),
(56,'vevo سماعة ',NULL,2,500.00,1000.00,5,'2022-10-12 08:23:31',0,1000),
(57,'M61 سماعة هوكو',NULL,3,750.00,1500.00,5,'2022-10-12 08:27:39',0,2250),
(58,'sony سماعة ',NULL,4,550.00,1000.00,5,'2022-10-12 08:29:42',0,2200),
(59,'MD-S1 سماعة ميجا ديجيتال ',NULL,26,950.00,2000.00,2,'2022-10-12 08:33:14',0,24700),
(60,'O3 سماعة ميجا ديجيتال ',NULL,26,350.00,1000.00,5,'2022-10-12 08:36:00',0,9100),
(61,'MD-O4 سماعة ميجا ديجيتال ',NULL,10,750.00,1500.00,5,'2022-10-12 08:36:46',0,7500),
(62,'ANKER سماعة ',NULL,5,500.00,1200.00,5,'2022-10-12 08:38:13',0,2500),
(63,'سماعة جلاكسي عادي',NULL,14,250.00,700.00,5,'2022-10-12 08:39:59',0,3500),
(64,'L29 سماعة سلك ',NULL,4,250.00,600.00,5,'2022-10-12 08:42:04',0,1000),
(65,'سماعة شكلاتة',NULL,1,650.00,1500.00,5,'2022-10-12 08:42:56',0,650),
(66,'سماعة آيفون 5',NULL,2,700.00,1500.00,5,'2022-10-12 08:45:20',0,1400),
(67,'S10 سماعة جلاكسي ',NULL,3,550.00,1300.00,5,'2022-10-12 08:46:00',0,1650),
(68,'TYPE-C سماعة جلاكسي ',NULL,1,1200.00,2000.00,5,'2022-10-12 08:47:15',0,1200),
(69,'ZG سماعة',NULL,57,200.00,500.00,5,'2022-10-12 08:55:31',0,11400),
(70,'A12 سماعة آيفونات ',NULL,2,1500.00,2500.00,5,'2022-10-12 08:56:29',0,3000),
(71,'MP3 Bluetooth 11010',NULL,1,4200.00,6000.00,6,'2022-10-12 09:06:08',0,4200),
(72,'MP3 Bluetooth 1097',NULL,2,2800.00,4500.00,6,'2022-10-12 09:07:42',0,5600),
(73,'MP3 Bluetooth 1121',NULL,1,4200.00,6500.00,6,'2022-10-12 09:09:37',0,4200),
(74,'MP3 Bluetooth 1080',NULL,2,2750.00,3500.00,6,'2022-10-12 09:12:22',0,5500),
(75,'MP3 Bluetooth 1313',NULL,1,3800.00,5500.00,6,'2022-10-12 09:17:05',0,3800),
(76,'MP3 Bluetooth 1093',NULL,1,2200.00,4000.00,6,'2022-10-12 09:18:15',0,2200),
(77,'MP3 Bluetooth 1055',NULL,1,2400.00,4500.00,6,'2022-10-12 09:18:45',0,2400),
(78,'MP3 Bluetooth 1018',NULL,1,2200.00,4500.00,6,'2022-10-12 09:19:55',0,2200),
(79,'MP3 Bluetooth GT 608',NULL,1,4000.00,6000.00,6,'2022-10-12 09:21:04',0,4000),
(80,'MP3 Bluetooth 114',NULL,1,3000.00,4500.00,6,'2022-10-12 09:21:35',0,3000),
(81,'MP3 Bluetooth 1806',NULL,1,3400.00,5000.00,6,'2022-10-12 09:22:19',0,3400),
(82,'MP3 Bluetooth WS-Y92',NULL,1,3200.00,5000.00,6,'2022-10-12 09:23:20',0,3200),
(83,'MP3 Bluetooth 859',NULL,1,1500.00,2500.00,6,'2022-10-12 09:23:52',0,1500),
(84,'MP3 Bluetooth YG 900',NULL,2,1500.00,2500.00,6,'2022-10-12 09:24:28',0,3000),
(85,'MP3 Bluetooth A1',NULL,1,1700.00,3000.00,6,'2022-10-12 09:24:58',0,1700),
(86,'MP3 Bluetooth Q3',NULL,1,2500.00,4000.00,6,'2022-10-12 09:27:52',0,2500),
(87,'MP3 Bluetooth M1S',NULL,3,2900.00,4000.00,6,'2022-10-12 09:40:16',0,8700),
(88,'MP3 Bluetooth دسكو صغير',NULL,1,800.00,1600.00,6,'2022-10-12 09:44:01',0,800),
(89,'MP3 Bluetooth M3',NULL,3,2900.00,4000.00,6,'2022-10-12 09:45:52',0,8700),
(90,'MP3 Bluetooth MT',NULL,3,2800.00,4000.00,6,'2022-10-12 09:58:59',0,8400),
(91,'MP3 Bluetooth M1',NULL,3,2400.00,3000.00,6,'2022-10-12 10:00:41',0,7200),
(92,'MP3 Bluetooth MT2',NULL,1,3000.00,3500.00,6,'2022-10-12 10:01:33',0,3000),
(93,'MP3 Bluetooth مايك',NULL,1,3400.00,4200.00,6,'2022-10-12 10:03:13',0,3400),
(94,'MP3 Bluetooth كمبيوتر',NULL,1,2100.00,3000.00,6,'2022-10-12 10:03:46',0,2100),
(95,'MP3 Bluetooth 858 مايك',NULL,6,2000.00,2500.00,6,'2022-10-12 10:06:32',0,12000),
(96,'MP3 Bluetooth مايك اصلي',NULL,1,5400.00,6000.00,6,'2022-10-12 10:08:35',0,5400),
(97,'MP3 Bluetooth راديو 6622',NULL,2,3100.00,3800.00,6,'2022-10-12 10:10:52',0,6200),
(98,'MP3 Bluetooth راديو عادي  6622 ',NULL,2,2800.00,3300.00,6,'2022-10-12 10:12:04',0,5600),
(99,'MP3 Bluetooth راديو 055',NULL,3,1500.00,2000.00,6,'2022-10-12 10:13:13',0,4500),
(100,'MP3 Bluetooth D1 دسكو',NULL,1,6000.00,6500.00,6,'2022-10-12 10:14:11',0,6000),
(101,'MP3 Bluetooth D2 دسكو',NULL,1,5800.00,6500.00,6,'2022-10-12 10:14:55',0,5800),
(102,'MP3 Bluetooth K120 دسكو',NULL,2,5500.00,6200.00,6,'2022-10-12 10:15:51',0,11000),
(103,'MP3 Bluetooth K121 دسكو',NULL,2,5000.00,5700.00,6,'2022-10-12 10:16:21',0,10000),
(104,'MP3 Bluetooth K118 دسكو',NULL,1,5000.00,5800.00,6,'2022-10-12 10:17:13',0,5000),
(105,'MP3 Bluetooth K116 دسكو',NULL,1,4500.00,5300.00,6,'2022-10-12 10:17:40',0,4500),
(106,'MP3 Bluetooth K115 دسكو',NULL,2,4000.00,4800.00,6,'2022-10-12 10:18:19',0,8000),
(107,'MP3 Bluetooth E27 لمبة دسكو',NULL,1,1600.00,2100.00,6,'2022-10-12 10:19:46',0,1600),
(108,'MP3 Bluetooth XG-601 راديو',NULL,1,2200.00,3000.00,6,'2022-10-12 10:21:08',0,2200),
(109,'MP3 Bluetooth راديو  798',NULL,4,2350.00,3000.00,6,'2022-10-12 10:22:35',0,9400),
(110,'MP3 Bluetooth 3W سيارة تيوتا',NULL,1,1950.00,2500.00,6,'2022-10-12 11:11:51',0,1950),
(111,'MP3 Bluetooth A637 سيارة تيوتا',NULL,3,1850.00,2300.00,6,'2022-10-12 11:12:42',0,5550),
(112,'MP3 Bluetooth A668 سيارة تيوتا',NULL,1,1800.00,2500.00,6,'2022-10-12 11:13:39',0,1800),
(113,'MP3 Bluetooth 406 سيارة تيوتا',NULL,1,1800.00,2300.00,6,'2022-10-12 11:14:59',0,1800),
(114,'MP3 Bluetooth  سيارة عادي',NULL,2,500.00,1000.00,6,'2022-10-12 11:16:13',0,1000),
(115,'MP3 Bluetooth  B109 سيارة',NULL,1,900.00,1600.00,6,'2022-10-12 11:17:25',0,900),
(116,'MP3 Bluetooth A664 سيارة ',NULL,2,1500.00,2000.00,6,'2022-10-12 11:18:40',0,3000),
(117,'5330 MP3 لمبة مع ',NULL,1,3900.00,4500.00,6,'2022-10-12 11:21:45',0,3900),
(118,'002 MP3 لمبة ديسكو مع ',NULL,2,1800.00,2300.00,6,'2022-10-12 11:22:55',0,3600),
(119,'L9 ZQ 20 MP3 لمبة ديسكو مع ',NULL,1,3600.00,4300.00,6,'2022-10-12 11:28:01',0,3600),
(120,'MP3 Bluetooth M14',NULL,1,8500.00,11000.00,6,'2022-10-12 11:29:27',0,8500),
(121,'MP3 Bluetooth A1149',NULL,1,8400.00,11000.00,6,'2022-10-12 11:30:15',0,8400),
(122,'MP3 Bluetooth 887',NULL,5,1300.00,2000.00,6,'2022-10-12 11:31:17',0,6500),
(123,'مكينة حلاقة 607',NULL,1,2200.00,4000.00,7,'2022-10-13 10:18:09',0,2200),
(124,'مكينة حلاقة 627',NULL,1,2800.00,4500.00,7,'2022-10-13 10:18:39',0,2800),
(125,'v-036 مكينة حلاقة ',NULL,1,3500.00,5000.00,7,'2022-10-13 10:19:24',0,3500),
(126,'مكينة حلاقة 609',NULL,1,4800.00,6300.00,7,'2022-10-13 10:21:08',0,4800),
(127,'TP link 896 مودم ',NULL,1,11000.00,14500.00,8,'2022-10-13 10:24:46',0,11000),
(128,'D- link  مودم ',NULL,1,9500.00,13000.00,8,'2022-10-13 10:28:59',0,9500),
(129,'B111 هاتف ثابت ',NULL,1,2700.00,4500.00,9,'2022-10-13 10:30:07',0,2700),
(130,'هاتف ثابت 7705',NULL,1,5500.00,7000.00,9,'2022-10-13 10:31:16',0,5500),
(131,'Star new قاعدة شاشة ',NULL,2,1700.00,2500.00,11,'2022-10-13 10:32:49',0,3400),
(132,'LED-LCD قواعد شاشة',NULL,1,2200.00,3000.00,11,'2022-10-13 10:33:57',0,2200),
(133,'F1 فواحة ',NULL,2,3200.00,4000.00,12,'2022-10-13 10:35:33',0,6400),
(134,'F2 فواحة ',NULL,1,3000.00,3800.00,12,'2022-10-13 10:36:24',0,3000),
(135,'F3 فواحة ',NULL,1,2900.00,3800.00,12,'2022-10-13 10:37:01',0,2900),
(136,'F4 فواحة ',NULL,1,2000.00,2500.00,12,'2022-10-13 10:37:27',0,2000),
(137,'F5 فواحة ',NULL,1,1600.00,2100.00,12,'2022-10-13 10:37:55',0,1600),
(138,'F6 فواحة ',NULL,1,2400.00,3000.00,12,'2022-10-13 10:38:27',0,2400),
(139,'077 فواحة ',NULL,1,3700.00,4200.00,12,'2022-10-13 10:38:56',0,3700),
(140,'Fo فواحة صغير',NULL,1,1100.00,1800.00,12,'2022-10-13 10:39:41',0,1100),
(141,' صغير MP3 ريمونت ',NULL,5,150.00,250.00,27,'2022-10-13 10:42:04',0,750),
(142,'فواحة سيارة ',NULL,1,2000.00,2600.00,12,'2022-10-13 10:44:53',0,2000),
(143,'سلك صحن دش',NULL,1,900.00,1500.00,13,'2022-10-13 10:45:46',0,900),
(144,'مايك سلك',NULL,1,750.00,1200.00,6,'2022-10-13 10:48:15',0,750),
(145,'عصا سيلفي',NULL,1,1300.00,2000.00,47,'2022-10-13 10:49:40',0,1300),
(146,'يد بوبجي 2',NULL,2,800.00,1500.00,25,'2022-10-13 10:51:03',0,1600),
(147,'يد بوبجي 1',NULL,3,1100.00,1800.00,25,'2022-10-13 10:51:36',0,3300),
(148,'يد بوبجي ابو مروحة',NULL,1,1400.00,2000.00,25,'2022-10-13 10:52:41',0,1400),
(149,'رسيفر ستار سات',NULL,7,5200.00,7000.00,10,'2022-10-13 10:53:47',0,36400),
(150,'رسيفر ستار اكس',NULL,2,3500.00,5500.00,10,'2022-10-13 10:54:30',0,7000),
(151,'جلاس طويل الاصلي',NULL,2,750.00,1500.00,44,'2022-10-13 10:55:28',0,1500),
(152,'جلاس طويل العادي',NULL,4,400.00,1000.00,44,'2022-10-13 10:56:38',0,1600),
(153,'جلاس ابو قاعدة كبير',NULL,1,2500.00,4000.00,44,'2022-10-13 10:57:43',0,2500),
(154,'كشاف صغير',NULL,3,1100.00,1800.00,47,'2022-10-13 10:58:16',0,3300),
(155,'كشاف 8833',NULL,1,1500.00,2200.00,47,'2022-10-13 10:58:39',0,1500),
(156,'كشاف 6622',NULL,1,1600.00,2400.00,47,'2022-10-13 10:59:45',0,1600),
(157,'كشاف الاصلي 6622',NULL,1,2650.00,3500.00,47,'2022-10-13 11:01:28',0,2650),
(158,'كشاف 9940',NULL,2,2350.00,3000.00,47,'2022-10-13 11:02:16',0,4700),
(162,'  عصا سيلفي صغير',NULL,1,350.00,800.00,47,'2022-10-13 11:04:13',0,0),
(163,'مروحة ابو جلاس 2',NULL,3,1350.00,2000.00,18,'2022-10-13 11:05:24',0,4050),
(164,'مروحة ابو جلاس 3',NULL,3,1150.00,2000.00,18,'2022-10-13 11:05:57',0,3450),
(165,'مروحة ابو جلاس 1',NULL,1,1500.00,2200.00,18,'2022-10-13 11:06:30',0,1500),
(166,'مروحة صغير',NULL,1,900.00,1500.00,18,'2022-10-13 11:07:00',0,900),
(167,'مروحة ابو عطفة',NULL,3,1650.00,2500.00,18,'2022-10-13 11:07:36',0,4950),
(168,'F168 مروحة ابو مسكة ',NULL,4,2400.00,3100.00,18,'2022-10-13 11:08:57',0,9600),
(169,'مروحة بلاس 3',NULL,2,2400.00,3000.00,18,'2022-10-13 11:09:56',0,4800),
(170,'ايدي كمبيوتر',NULL,2,450.00,800.00,21,'2022-10-13 11:10:55',0,900),
(171,'ماوس سلك',NULL,2,1200.00,2000.00,20,'2022-10-13 11:11:36',0,2400),
(172,'ماوس لاسلكي',NULL,2,1350.00,2000.00,20,'2022-10-13 11:12:25',0,2700),
(173,'FV300 كيبورد + ماوس لاسلكي',NULL,1,4500.00,6000.00,19,'2022-10-13 11:14:15',0,4500),
(174,'UOF-18 جلاس ',NULL,20,450.00,900.00,47,'2022-10-13 11:18:00',0,9000),
(175,'جلاس عريض',NULL,2,900.00,1600.00,47,'2022-10-13 11:18:35',0,1800),
(176,'T-1 جلاس عريض ',NULL,6,600.00,1200.00,47,'2022-10-13 11:19:29',0,3600),
(177,'جلاس كرتون صغير',NULL,2,600.00,1000.00,47,'2022-10-13 11:20:10',0,1200),
(178,'جلاس عريض سيارة',NULL,2,900.00,1700.00,47,'2022-10-13 11:21:02',0,1800),
(179,'جلاس قديم',NULL,3,350.00,600.00,47,'2022-10-13 11:21:27',0,1050),
(180,'جلاس تيماكس',NULL,2,1200.00,2000.00,47,'2022-10-13 11:22:00',0,2400),
(181,'جلاس ابو قاعدة صغير',NULL,4,750.00,1300.00,47,'2022-10-13 11:22:37',0,3000),
(182,'جلاس ابو قاعدة صغير لاصق',NULL,1,250.00,500.00,47,'2022-10-13 11:23:09',0,250),
(183,'شاحن شاشة',NULL,5,1900.00,2500.00,47,'2022-10-13 11:24:25',0,9500),
(184,'شاحن شاشة صغير',NULL,1,1300.00,2000.00,47,'2022-10-13 11:24:55',0,1300),
(185,'شاحن صغير',NULL,1,700.00,1300.00,47,'2022-10-13 11:25:42',0,700),
(186,'Star راس دش ',NULL,5,750.00,1500.00,13,'2022-10-13 11:26:22',0,3750),
(187,'راس دش مخرجين',NULL,1,1800.00,2500.00,13,'2022-10-13 11:27:05',0,1800),
(188,'راس توصيلة كهرباء',NULL,8,350.00,600.00,47,'2022-10-13 11:29:17',0,2800),
(189,'مثلوث كهرباء',NULL,8,350.00,600.00,47,'2022-10-13 11:29:43',0,2800),
(190,'تحويلة مودم مع تايب',NULL,4,300.00,600.00,47,'2022-10-13 11:30:21',0,1200),
(191,'لمبات طاقة ملون',NULL,5,230.00,500.00,40,'2022-10-13 11:31:21',0,1150),
(192,'5w لمبات طاقة ',NULL,6,550.00,1000.00,40,'2022-10-13 11:32:04',0,3300),
(193,'7w لمبات طاقة ',NULL,7,600.00,1100.00,40,'2022-10-13 11:32:49',0,4200),
(194,'9w لمبات طاقة ',NULL,4,650.00,1200.00,40,'2022-10-13 11:33:14',0,2600),
(195,'12w+13W لمبات طاقة ',NULL,2,800.00,1500.00,40,'2022-10-13 11:34:10',0,1600),
(196,'لمبات يو اس بي',NULL,5,300.00,500.00,40,'2022-10-13 11:35:06',0,1500),
(197,'38w لمبات ',NULL,1,1800.00,2500.00,40,'2022-10-13 11:35:47',0,1800),
(198,'رأس شاحن جلاكسي',NULL,1,5500.00,7000.00,16,'2022-10-13 04:54:32',0,5500),
(199,'رأس شاحن فاست 3*1',NULL,4,1300.00,2500.00,16,'2022-10-13 04:55:29',0,5200),
(200,'رأس شاحن آيفون 12 برو ماكس',NULL,1,4200.00,6000.00,16,'2022-10-13 04:56:11',0,4200),
(201,'رأس شاحن سامسونج ترافل',NULL,4,1100.00,2000.00,16,'2022-10-13 04:56:51',0,4400),
(202,'رأس شاحن جلاكسي وكالة',NULL,2,1600.00,2500.00,16,'2022-10-13 04:57:53',0,3200),
(203,'رأس شاحن ابو غزال منفذين',NULL,5,800.00,1500.00,16,'2022-10-13 04:58:42',0,4000),
(204,'رأس شاحن ابو غزال منفذ',NULL,5,500.00,1200.00,16,'2022-10-13 04:59:27',0,2500),
(205,'LT رأس شاحن ',NULL,3,1500.00,2500.00,16,'2022-10-13 05:00:03',0,4500),
(206,'رأس شاحن مثلوث',NULL,7,750.00,1500.00,16,'2022-10-13 05:00:40',0,5250),
(207,'رأس شاحن مثلوث وكالة',NULL,1,1200.00,2500.00,16,'2022-10-13 05:01:16',0,1200),
(208,'رأس شاحن مضخة',NULL,3,500.00,1200.00,16,'2022-10-13 05:01:42',0,1500),
(209,'رأس شاحن فرايزون',NULL,1,3500.00,5000.00,16,'2022-10-13 05:02:33',0,3500),
(210,'رأس شاحن سيارة اودي',NULL,8,600.00,1200.00,16,'2022-10-13 05:03:19',0,4800),
(211,'رأس شاحن سيارة منوع',NULL,13,250.00,700.00,16,'2022-10-13 05:04:00',0,3250),
(212,'رأس شاحن سيارة ابو فيوز',NULL,5,750.00,1300.00,16,'2022-10-13 05:04:35',0,3750),
(213,'شاحن آيباد سامسونج تاب 2',NULL,2,2400.00,3200.00,17,'2022-10-13 05:05:52',0,4800),
(214,'شاحن ليدانو 70',NULL,2,1100.00,2000.00,17,'2022-10-13 05:07:03',0,2200),
(215,'شاحن ليدانو 200',NULL,3,700.00,1500.00,17,'2022-10-13 05:07:35',0,2100),
(216,'شاحن فاست 4*1',NULL,1,1550.00,2500.00,17,'2022-10-13 05:08:32',0,1550),
(217,'شاحن بيت 69-25',NULL,2,1300.00,2000.00,17,'2022-10-13 05:09:53',0,2600),
(218,'شاحن سيارة +توصيلة',NULL,2,1200.00,2000.00,17,'2022-10-13 05:11:28',0,2400),
(219,' *2 رأس شاحن ميجا ديجيتال سيارة',NULL,2,950.00,1600.00,16,'2022-10-13 05:12:48',0,1900),
(220,'رأس شاحن ميجا ديجيتال سيارة 15 وات',NULL,2,600.00,1200.00,16,'2022-10-13 05:14:43',0,1200),
(221,'Light-3 رأس شاحن ميجا ديجيتال كهرباء ',NULL,1,1200.00,1500.00,16,'2022-10-13 05:16:13',0,1200),
(222,'Start-34 رأس شاحن ميجا ديجيتال كهرباء ',NULL,2,1350.00,2000.00,16,'2022-10-13 05:17:25',0,2700),
(223,'S002 رأس شاحن ميجا ديجيتال كهرباء ',NULL,3,1750.00,2500.00,16,'2022-10-13 05:19:42',0,5250),
(224,'Ultra 2 رأس شاحن ميجا ديجيتال كهرباء ',NULL,3,2950.00,3750.00,16,'2022-10-13 05:20:36',0,8850),
(225,'MD-25W توصيلة تايب سي ميجا ديجيتال',NULL,12,480.00,1200.00,48,'2022-10-13 05:40:35',0,5760),
(226,'MD-5A BLACK توصيلة جلاكسي ميجا ديجيتال',NULL,8,500.00,1300.00,48,'2022-10-13 05:42:22',0,4000),
(227,'MD-SUPER توصيلة تايب سي ميجا ديجيتال ',NULL,6,950.00,2000.00,48,'2022-10-13 05:45:30',0,5700),
(228,'CR-10 قارئ ميجا ديجيتال ',NULL,10,140.00,300.00,23,'2022-10-13 05:48:10',0,1400),
(229,'CR-07قارئ ميجا ديجيتال ',NULL,4,140.00,300.00,23,'2022-10-13 05:48:47',0,560),
(230,'CR-01 تحويلة تايب سي ميجا ديجيتال ',NULL,9,250.00,500.00,22,'2022-10-13 05:49:56',0,2250),
(231,'شاحن تيماكس 5 منافذ',NULL,1,6000.00,8000.00,17,'2022-10-13 05:58:34',0,6000),
(232,'K2 شاحن تيماكس',NULL,2,3900.00,5000.00,17,'2022-10-13 08:59:59',0,7800),
(233,'U1 شاحن تيماكس ',NULL,3,3800.00,5000.00,17,'2022-10-13 09:00:43',0,11400),
(234,'K1 شاحن تيماكس ',NULL,1,3900.00,5500.00,17,'2022-10-13 09:01:20',0,3900),
(235,'U1 NOTE 9 شاحن تيماكس ',NULL,1,4500.00,6000.00,17,'2022-10-13 09:02:31',0,4500),
(236,'U200 راس شاحن تيماكس ',NULL,2,1600.00,2400.00,16,'2022-10-13 09:04:07',0,3200),
(237,'C219 راس شاحن تيماكس  سيارة ',NULL,2,2150.00,3000.00,16,'2022-10-13 09:05:40',0,4300),
(238,'C210 راس شاحن تيماكس  سيارة ',NULL,1,1800.00,2700.00,16,'2022-10-13 09:06:08',0,1800),
(239,'U1 راس شاحن تيماكس ',NULL,2,1900.00,3000.00,16,'2022-10-13 09:07:07',0,3800),
(240,'C220 راس شاحن سيارة تيماكس  ',NULL,1,3000.00,4500.00,16,'2022-10-13 09:12:33',0,3000),
(241,'122 شاحن تيماكس',NULL,4,2300.00,3200.00,17,'2022-10-13 09:13:46',0,9200),
(242,'HU33 شاحن القوة الخارقة',NULL,1,2300.00,3000.00,17,'2022-10-13 09:15:26',0,2300),
(243,'32485 C شاحن القوة الخارقة ',NULL,1,2600.00,3500.00,17,'2022-10-13 09:17:19',0,2600),
(244,'Q113950 شاحن القوة الخارقة',NULL,1,3950.00,5300.00,17,'2022-10-13 09:18:20',0,3950),
(245,'TXC7 توصيلة تيماكس ',NULL,3,1400.00,2500.00,48,'2022-10-13 09:19:46',0,4200),
(246,'TXT9 توصيلة تيماكس ',NULL,6,1100.00,2000.00,48,'2022-10-13 09:20:49',0,6600),
(247,'M222 توصيلة تيماكس ',NULL,3,500.00,1000.00,48,'2022-10-13 09:21:15',0,1500),
(248,'T47t توصيلة تيماكس 2 متر',NULL,3,1400.00,2500.00,48,'2022-10-13 09:25:05',0,4200),
(249,'B231.M31,B240 توصيلة ',NULL,6,760.00,1500.00,48,'2022-10-13 09:29:07',0,4560),
(250,'M12 توصيلة تيماكس ',NULL,3,400.00,1000.00,48,'2022-10-13 09:31:33',0,1200),
(251,'T14 توصيلة تيماكس ',NULL,2,800.00,1500.00,48,'2022-10-13 09:33:29',0,1600),
(252,'U11 توصيلة اوكس ',NULL,1,600.00,1300.00,48,'2022-10-13 09:35:29',0,600),
(253,'توصيلة آيفون جلكسي',NULL,3,550.00,1200.00,48,'2022-10-13 09:36:20',0,1650),
(254,'3A توصيلة آيفون ',NULL,7,650.00,1200.00,48,'2022-10-13 09:39:09',0,4550),
(255,'DL-CB 07 توصيلة دولينك ',NULL,3,150.00,500.00,48,'2022-10-13 09:40:26',0,450),
(256,'توصيلة 3*1 جلاكسي-تايب سي-آيفون',NULL,3,500.00,1200.00,48,'2022-10-13 09:41:55',0,1500),
(257,'B2B O2 توصيلة',NULL,17,660.00,1100.00,48,'2022-10-13 09:42:38',0,11220),
(258,'X-CABEL توصيلة مغناطيس',NULL,1,800.00,1500.00,48,'2022-10-13 09:43:20',0,800),
(259,'JSP-39A 937, 5 AMPتوصيلة تايب سي',NULL,11,600.00,1200.00,48,'2022-10-13 09:45:14',0,6600),
(260,'AK-20 توصيلة القوة الصاروخية',NULL,2,800.00,1500.00,48,'2022-10-13 09:46:11',0,1600),
(261,'ATM-99 توصيلة الضغط العالي',NULL,1,830.00,1600.00,48,'2022-10-13 09:51:36',0,830),
(262,'ATM-59 توصيلة القوة الصاعقة',NULL,1,830.00,1600.00,48,'2022-10-13 09:53:00',0,830),
(263,'XFC-2 توصيلة اورجينال ',NULL,12,750.00,1500.00,48,'2022-10-13 09:55:18',0,9000),
(264,'توصيلة داتا ماكس',NULL,2,500.00,1000.00,48,'2022-10-13 09:57:39',0,1000),
(265,'XF-46 توصيلة داتا تايبل',NULL,1,750.00,1300.00,48,'2022-10-13 09:58:59',0,750),
(266,'6A توصيلة',NULL,1,700.00,1300.00,48,'2022-10-13 09:59:39',0,700),
(267,'توصيلة القوة الخارقة علبة',NULL,3,380.00,800.00,48,'2022-10-13 10:01:35',0,1140),
(268,'B2B NO1 توصيلة',NULL,21,360.00,1000.00,48,'2022-10-13 10:03:02',0,7560),
(269,'AUX-02 توصيلة اوكس ميجا ديجيتال',NULL,2,450.00,1000.00,48,'2022-10-13 10:05:15',0,900),
(270,'AUX-01 توصيلة اوكس ميجا ديجيتال',NULL,3,350.00,900.00,48,'2022-10-13 10:07:01',0,1050),
(271,'Y-23 توصيلة اوكس كيبل',NULL,2,700.00,1300.00,48,'2022-10-13 10:18:52',0,1400),
(272,'Pi-S875 اوكس بينور',NULL,4,600.00,1300.00,48,'2022-10-13 10:21:40',0,2400),
(273,'JH-CM32 اوكس تحويلة 2*1',NULL,4,1200.00,2200.00,48,'2022-10-13 10:22:57',0,4800),
(274,'توصيلة جلاكسي اسوارة',NULL,4,150.00,500.00,48,'2022-10-13 10:23:57',0,600),
(275,'تحويلة من تايب سي الى سماعة',NULL,7,1500.00,2300.00,23,'2022-10-13 10:25:20',0,3000),
(276,'تحويلة من آيفون الى سماعة',NULL,3,1200.00,2000.00,23,'2022-10-13 10:25:51',0,3600),
(277,'P1000 توصيلة سامسونج كبير قديم',NULL,2,400.00,900.00,48,'2022-10-13 10:26:37',0,800),
(278,'CBO8L توصيلة راموس',NULL,2,260.00,700.00,48,'2022-10-13 10:27:22',0,520),
(279,'6FT توصيلة انكور 2 متر',NULL,1,800.00,1500.00,48,'2022-10-13 10:28:19',0,800),
(280,'توصيلة آيفون ملون',NULL,8,200.00,500.00,48,'2022-10-13 10:29:36',0,1600),
(281,'توصيلة منوع القوة الخارقة والمضخة',NULL,25,380.00,700.00,48,'2022-10-13 10:31:54',0,9500),
(282,'توصيلة نوت 3',NULL,4,500.00,1000.00,48,'2022-10-13 10:32:53',0,2000),
(283,'توصيلة نوكيا',NULL,56,120.00,500.00,48,'2022-10-13 10:33:13',0,6720),
(284,'اشتراك شاشة',NULL,3,800.00,1500.00,14,'2022-10-13 10:34:36',0,2400),
(285,'شريط الكتروني',NULL,3,450.00,800.00,47,'2022-10-13 10:36:27',0,1350),
(286,'توصيلة اوكس عادي',NULL,5,120.00,500.00,48,'2022-10-13 10:37:24',0,600),
(287,'LT 4A توصيلة جلاكسي',NULL,17,550.00,1000.00,48,'2022-10-13 10:38:40',0,9350),
(288,'LT 3A توصيلة جلاكسي',NULL,5,450.00,800.00,48,'2022-10-13 10:39:07',0,2250),
(289,'LT 2A توصيلة جلاكسي',NULL,10,250.00,700.00,48,'2022-10-13 10:39:28',0,2500),
(290,'LT 5A توصيلة تايب سي',NULL,9,950.00,1800.00,48,'2022-10-13 10:40:31',0,8550),
(291,' توصيلة فلاش اصلي',NULL,51,250.00,500.00,23,'2022-10-13 10:43:03',0,12750),
(292,'توصيلة فلاش عادي',NULL,97,120.00,300.00,23,'2022-10-13 10:44:22',0,11640),
(293,'صباع بوبجي',NULL,14,180.00,400.00,47,'2022-10-13 10:44:48',0,2520),
(294,'يو اس بي بلوتوث',NULL,4,500.00,1000.00,47,'2022-10-13 10:45:32',0,2000),
(295,' S8 تحويلة',NULL,12,250.00,600.00,22,'2022-10-13 10:46:29',0,3000),
(296,'قلم لمس',NULL,1,500.00,800.00,47,'2022-10-13 10:47:07',0,500),
(297,'USB مراوح',NULL,6,600.00,1200.00,18,'2022-10-13 10:48:06',0,3600),
(298,'اطار ساعة لمس',NULL,1,1800.00,2500.00,47,'2022-10-13 10:49:08',0,1800),
(299,'مساكات منوع',NULL,95,220.00,500.00,47,'2022-10-13 10:49:35',0,20900),
(300,'مساكات جلاكسي',NULL,14,120.00,400.00,47,'2022-10-13 10:54:27',0,1680),
(301,'OTG 92 توصيلة',NULL,2,400.00,1000.00,48,'2022-10-13 10:55:17',0,800),
(302,'OTG 89 توصيلة',NULL,4,1800.00,3000.00,48,'2022-10-13 10:55:44',0,7200),
(303,'OTG TYPE-C توصيلة',NULL,5,550.00,1200.00,48,'2022-10-13 10:56:20',0,2750),
(304,'محول فلاش 2*1',NULL,5,450.00,1000.00,23,'2022-10-14 01:05:37',0,2250),
(305,'توصيلة مغناطيس تايب سي',NULL,1,1300.00,2000.00,48,'2022-10-14 01:06:18',0,1300),
(307,'قارئ ذاكرة',NULL,57,150.00,300.00,47,'2022-10-14 01:12:28',0,8550),
(308,'سلس جوال مسبحة',NULL,2,500.00,800.00,47,'2022-10-14 01:13:01',0,1000),
(309,'سلس جوال قماش',NULL,10,250.00,500.00,47,'2022-10-14 01:13:32',0,2500),
(310,'سلس جوال خيط',NULL,36,150.00,300.00,47,'2022-10-14 01:14:07',0,5400),
(311,'دبوس جوال',NULL,76,30.00,100.00,47,'2022-10-14 01:14:40',0,2280),
(312,'بوصة ريسيفر',NULL,60,30.00,100.00,13,'2022-10-14 01:15:15',0,1800),
(313,'توصيلة كهرباء 5 متر',NULL,1,2600.00,4500.00,47,'2022-10-14 01:17:16',0,2600),
(314,'توصيلة كهرباء 3 متر',NULL,1,2000.00,3500.00,47,'2022-10-14 01:17:54',0,2000),
(315,'توصيلة هاتف ارضي',NULL,3,250.00,500.00,47,'2022-10-14 01:18:24',0,750),
(316,'HD توصيلة',NULL,3,400.00,800.00,47,'2022-10-14 01:19:09',0,1200),
(317,'HD توصيلة 3 متر',NULL,1,650.00,1300.00,47,'2022-10-14 01:19:38',0,650),
(318,'توصيلة مودم',NULL,2,300.00,700.00,47,'2022-10-14 01:20:04',0,600),
(319,'توصيلة ريسيفر 3*1',NULL,11,250.00,500.00,13,'2022-10-14 01:20:53',0,2750),
(320,'عدسة ريسيفر',NULL,1,700.00,1200.00,13,'2022-10-14 01:21:43',0,700),
(321,' MP3 ريمونت كبير',NULL,2,300.00,600.00,27,'2022-10-14 01:23:20',0,600),
(322,'MP3 ريمونت',NULL,5,120.00,400.00,27,'2022-10-14 01:24:06',0,600),
(323,'توصيلة راديو قديم',NULL,5,200.00,500.00,47,'2022-10-14 01:24:53',0,1000),
(324,'مساكات راس دش',NULL,3,300.00,700.00,13,'2022-10-14 01:25:24',0,900),
(325,'قديم كبير MP3 توصيلة',NULL,5,350.00,700.00,47,'2022-10-14 01:26:46',0,1750),
(326,'توصيلة كمبيوتر',NULL,6,800.00,1300.00,47,'2022-10-14 01:27:12',0,4800),
(327,'بلوتوث كمبيوتر',NULL,2,950.00,1500.00,47,'2022-10-14 01:27:45',0,1900),
(328,'توصيلة يو اس بي انثى',NULL,2,400.00,800.00,47,'2022-10-14 01:28:17',0,800),
(329,'ريمونت كمبيوتر للشاشة',NULL,1,900.00,1600.00,27,'2022-10-14 01:29:02',0,900),
(330,'HD ريمونت ستار سات ',NULL,33,330.00,800.00,27,'2022-10-14 01:29:57',0,10890),
(331,'ريمونت ستار اكس عادي',NULL,16,250.00,800.00,27,'2022-10-14 01:30:46',0,4000),
(332,'ريمونت شاشة',NULL,13,600.00,1100.00,27,'2022-10-14 01:31:13',0,7800),
(333,'ريمونت الشامل',NULL,1,1500.00,2000.00,27,'2022-10-14 01:31:45',0,1500),
(334,'نقطة بوبجي',NULL,1,300.00,600.00,47,'2022-10-14 01:32:15',0,300),
(335,'غلاف سماعة اير بودس لاسلكي',NULL,4,900.00,1500.00,47,'2022-10-14 01:33:01',0,3600),
(336,'ASG غلاف سماعة',NULL,4,450.00,1200.00,47,'2022-10-14 01:34:21',0,1800),
(337,'غلاف سماعة ابل',NULL,2,650.00,1500.00,47,'2022-10-14 01:35:00',0,1300),
(338,'غلاف سماعة اير بودز',NULL,8,750.00,1500.00,47,'2022-10-14 01:35:38',0,6000),
(339,'غلاف سماعة اير بودز2',NULL,15,650.00,1400.00,47,'2022-10-14 01:36:28',0,9750),
(340,'S8 تحويلة',NULL,9,130.00,300.00,22,'2022-10-14 01:37:09',0,1170),
(341,'عدسة تكبير شاشة الجوال',NULL,1,700.00,1500.00,47,'2022-10-14 01:37:42',0,700),
(342,'قواعد شحن ابو قلم',NULL,2,1200.00,2000.00,15,'2022-10-14 01:38:17',0,2400),
(343,'قواعد شحن خازن',NULL,1,1500.00,2200.00,15,'2022-10-14 01:38:45',0,1500),
(344,'تحويلة مودم',NULL,8,200.00,500.00,47,'2022-10-14 01:39:06',0,1600),
(345,'S2 بطارية',NULL,4,1300.00,2500.00,43,'2022-10-14 01:47:47',0,5200),
(346,'S3 بطارية',NULL,4,1650.00,2800.00,43,'2022-10-14 01:48:18',0,3300),
(347,'S5 بطارية',NULL,3,1750.00,3000.00,43,'2022-10-14 01:48:59',0,5250),
(348,'NOTE 3 بطارية',NULL,1,2100.00,3500.00,43,'2022-10-14 01:49:37',0,2100),
(349,'NOTE 2 بطارية',NULL,4,1800.00,2800.00,43,'2022-10-14 01:50:07',0,7200),
(350,'NOTE 1 بطارية',NULL,1,1600.00,2300.00,43,'2022-10-14 01:50:38',0,1600),
(351,'NOTE 4 بطارية',NULL,2,2300.00,4000.00,43,'2022-10-14 01:51:30',0,4600),
(352,'NOTE 4 EDGE بطارية',NULL,1,2200.00,3800.00,43,'2022-10-14 01:52:08',0,2200),
(353,'J710 بطارية',NULL,1,1300.00,2700.00,43,'2022-10-14 01:52:47',0,1300),
(354,'9200 بطارية',NULL,2,2000.00,3300.00,43,'2022-10-14 01:53:29',0,4000),
(355,'530 بطارية',NULL,6,1750.00,3000.00,43,'2022-10-14 01:53:59',0,10500),
(356,'360 بطارية',NULL,2,1300.00,2500.00,43,'2022-10-14 01:54:49',0,2600),
(357,'699 بطارية',NULL,4,1550.00,2500.00,43,'2022-10-14 01:55:54',0,6200),
(358,'بطارية 740',NULL,1,1100.00,2200.00,43,'2022-10-14 01:56:28',0,1100),
(359,'بطارية 720',NULL,1,1300.00,2300.00,43,'2022-10-14 01:56:59',0,1300),
(360,'بطارية 350',NULL,2,1300.00,2200.00,43,'2022-10-14 01:57:46',0,2600),
(361,'بطارية 355',NULL,3,1300.00,2200.00,43,'2022-10-14 01:58:21',0,2600),
(362,'S4 MINI بطارية ',NULL,4,1500.00,2300.00,43,'2022-10-14 01:59:27',0,6000),
(363,'J1 بطارية',NULL,1,1450.00,2500.00,43,'2022-10-14 02:00:05',0,1450),
(364,'J110ACE بطارية',NULL,2,1500.00,2500.00,43,'2022-10-14 02:00:47',0,3000),
(365,'اصلي S4 بطارية',NULL,2,1750.00,2800.00,43,'2022-10-14 02:01:53',0,3500),
(366,'J 120 بطارية',NULL,1,1500.00,2500.00,43,'2022-10-14 04:27:31',0,1500),
(367,'LG 49KH-1 بطارية',NULL,5,1500.00,2500.00,43,'2022-10-14 04:28:30',0,7500),
(368,'LG 870 بطارية',NULL,5,1500.00,2500.00,43,'2022-10-14 04:29:31',0,7500),
(369,'LG 675 بطارية',NULL,2,1500.00,2500.00,43,'2022-10-14 04:30:11',0,3000),
(370,'LG G3 بطارية',NULL,3,1700.00,3000.00,43,'2022-10-14 04:30:39',0,5100),
(371,'LG 880 بطارية',NULL,2,1800.00,3000.00,43,'2022-10-14 04:31:39',0,3600),
(372,'LG G5 بطارية',NULL,1,1600.00,2500.00,43,'2022-10-14 04:32:22',0,1600),
(373,'LG Stylo 2 بطارية',NULL,3,1800.00,2800.00,43,'2022-10-14 04:33:09',0,5400),
(374,'LG Stylo 3 بطارية',NULL,2,2000.00,3000.00,43,'2022-10-14 04:33:50',0,4000),
(375,'LG 770 بطارية',NULL,4,1500.00,2500.00,43,'2022-10-14 04:36:05',0,6000),
(376,'LG 210 بطارية',NULL,3,1850.00,3000.00,43,'2022-10-14 04:36:47',0,5550),
(377,'LG 501 بطارية',NULL,1,1800.00,2800.00,43,'2022-10-14 04:37:09',0,1800),
(378,'LG 450 بطارية',NULL,2,1500.00,2500.00,43,'2022-10-14 04:37:48',0,3000),
(379,'LG 676 بطارية',NULL,1,1500.00,2500.00,43,'2022-10-14 04:38:22',0,1500),
(380,'LG 53YH770 بطارية',NULL,1,1700.00,2500.00,43,'2022-10-14 04:39:28',0,1700),
(381,'G 730 بطارية هواوي',NULL,2,1300.00,2000.00,43,'2022-10-14 04:50:08',0,2600),
(382,'C 8812 بطارية هواوي',NULL,3,1100.00,2000.00,43,'2022-10-14 04:51:14',0,3300),
(383,'C 8813 بطارية هواوي',NULL,1,1100.00,2000.00,43,'2022-10-14 04:52:02',0,1100),
(384,'C 88 بطارية هواوي',NULL,1,1150.00,2000.00,43,'2022-10-14 04:52:39',0,1150),
(385,'A199 بطارية هواوي',NULL,1,1150.00,2000.00,43,'2022-10-14 04:53:11',0,1150),
(386,'S6 بطارية سامسونج داخلي',NULL,1,2800.00,4000.00,43,'2022-10-14 04:54:11',0,2800),
(387,'5017 بطارية الكاتل',NULL,2,1300.00,2000.00,43,'2022-10-14 04:55:10',0,2600),
(388,'HB4V1 بطارية هواوي',NULL,1,1150.00,2000.00,43,'2022-10-14 04:57:34',0,1150),
(389,'HB4W1 بطارية هواوي',NULL,1,1150.00,2000.00,43,'2022-10-14 04:58:07',0,1150),
(390,'HB5F1H بطارية هواوي',NULL,1,1150.00,2000.00,43,'2022-10-14 04:58:49',0,1150),
(391,'HTC 6400 بطارية ',NULL,2,1300.00,2000.00,43,'2022-10-14 04:59:33',0,2600),
(392,'بطارية كوسيرا',NULL,6,1350.00,2200.00,43,'2022-10-14 05:00:42',0,8100),
(393,'101 بطارية الكاتل',NULL,1,1300.00,2000.00,43,'2022-10-14 05:01:15',0,1300),
(394,'17C1 بطارية الكاتل',NULL,1,1300.00,2000.00,43,'2022-10-14 05:01:52',0,1300),
(395,'A 4600 بطارية الكاتل',NULL,1,1300.00,2000.00,43,'2022-10-14 05:02:42',0,1300),
(396,'L40 بطارية انس',NULL,4,1400.00,2300.00,43,'2022-10-14 05:03:31',0,5600),
(397,'L50 بطارية انس',NULL,1,1400.00,2200.00,43,'2022-10-14 05:04:10',0,1400),
(398,'KE40 بطارية موتوريلا',NULL,4,1500.00,2300.00,43,'2022-10-14 05:05:54',0,6000),
(399,'ZTE 9511 بطارية',NULL,2,1100.00,2000.00,43,'2022-10-14 05:10:28',0,2200),
(400,'ZTE 9120 بطارية',NULL,2,1300.00,2000.00,43,'2022-10-14 05:11:34',0,2600),
(401,'ZTE 837 بطارية',NULL,3,1100.00,1800.00,43,'2022-10-14 05:12:41',0,3300),
(402,'ZTE 9136 بطارية',NULL,2,1350.00,2200.00,43,'2022-10-14 05:16:41',0,2700),
(403,'ZTE 9132 بطارية',NULL,2,1350.00,2200.00,43,'2022-10-14 05:17:35',0,2700),
(404,'ZTE 9137 بطارية',NULL,2,1400.00,2000.00,43,'2022-10-14 05:17:57',0,2800),
(405,'ZTE 9519 بطارية',NULL,2,1500.00,2500.00,43,'2022-10-14 05:18:52',0,3000),
(406,'LT S5 بطارية',NULL,2,1300.00,2300.00,43,'2022-10-14 05:19:50',0,2600),
(407,'LT P7 بطارية',NULL,2,1300.00,2300.00,43,'2022-10-14 05:20:33',0,2600),
(408,'LT W10 بطارية',NULL,1,1300.00,2200.00,43,'2022-10-14 05:21:03',0,1300),
(409,'LT W6 بطارية',NULL,1,1300.00,2300.00,43,'2022-10-14 05:21:45',0,1300),
(410,'LT W1 بطارية',NULL,1,1300.00,2300.00,43,'2022-10-14 05:22:09',0,1300),
(411,'4S بطارية آيفون',NULL,1,2200.00,4000.00,43,'2022-10-14 05:23:20',0,2200),
(412,'4G بطارية آيفون',NULL,1,2200.00,4000.00,43,'2022-10-14 05:23:53',0,2200),
(413,'5S بطارية آيفون',NULL,1,2500.00,4500.00,43,'2022-10-14 05:24:27',0,2500),
(414,'5G بطارية آيفون',NULL,1,2500.00,4500.00,43,'2022-10-14 05:24:54',0,2500),
(415,'6S بطارية آيفون',NULL,1,2600.00,4500.00,43,'2022-10-14 05:25:21',0,2600),
(416,'7G بطارية آيفون',NULL,1,2700.00,5000.00,43,'2022-10-14 05:25:47',0,2700),
(417,'S10+ بطارية سامسونج',NULL,1,3100.00,5000.00,43,'2022-10-14 05:26:32',0,3100),
(418,'S10 بطارية سامسونج',NULL,1,3000.00,5000.00,43,'2022-10-14 05:26:57',0,3000),
(419,'S9 بطارية سامسونج',NULL,1,2700.00,5000.00,43,'2022-10-14 05:27:52',0,2700),
(420,'S9+ بطارية سامسونج',NULL,1,2800.00,5000.00,43,'2022-10-14 05:28:28',0,2800),
(421,'S8 بطارية سامسونج',NULL,1,2600.00,4500.00,43,'2022-10-14 05:28:58',0,2600),
(422,'S8+ بطارية سامسونج',NULL,1,2600.00,4500.00,43,'2022-10-14 05:29:23',0,2600),
(423,'S7 بطارية سامسونج',NULL,1,3000.00,5500.00,43,'2022-10-14 05:32:04',0,3000),
(424,'S7 Edge بطارية سامسونج',NULL,1,2800.00,5000.00,43,'2022-10-14 05:32:31',0,2800),
(425,'Note 8 بطارية سامسونج',NULL,2,2800.00,5000.00,43,'2022-10-14 05:33:26',0,5600),
(426,'Note 5 بطارية سامسونج',NULL,1,2300.00,4000.00,43,'2022-10-14 05:34:06',0,2300),
(427,'Note 5 بطارية سامسونج وكالة',NULL,1,2500.00,4500.00,43,'2022-10-14 05:34:41',0,2500),
(428,'A 20 بطارية سامسونج',NULL,2,2400.00,4500.00,43,'2022-10-14 05:35:20',0,4800),
(429,'A 10e بطارية سامسونج',NULL,1,2400.00,4500.00,43,'2022-10-14 05:36:16',0,2400),
(430,'uk 357090 بطارية آيباد',NULL,1,1150.00,2500.00,43,'2022-10-14 05:37:26',0,1150),
(431,'بطارية نوكيا منوع',NULL,10,800.00,1500.00,43,'2022-10-15 10:47:02',0,8000),
(432,'بطارية نوكيا 6600',NULL,12,800.00,1500.00,43,'2022-10-15 10:47:58',0,5600),
(433,'LG بطارية الوكر',NULL,5,850.00,1800.00,43,'2022-10-15 10:48:47',0,4250),
(434,'X200 بطارية النحلة',NULL,4,850.00,1700.00,43,'2022-10-15 10:49:33',0,3400),
(435,'بطارية المدرع عابر القارات بلاس',NULL,1,1500.00,2500.00,43,'2022-10-15 10:51:43',0,1500),
(436,'بطارية المدرع 4800',NULL,1,1500.00,2500.00,43,'2022-10-15 10:54:32',0,1500),
(437,'K12 بطارية المدرع',NULL,2,1500.00,2500.00,43,'2022-10-15 10:56:27',0,3000),
(438,'بطاريات خوازن',NULL,10,350.00,1000.00,43,'2022-10-15 11:05:18',0,3500),
(439,'بطارية ريمونت اصلي',NULL,4,250.00,500.00,43,'2022-10-15 11:05:54',0,1000),
(440,'بطارية ابو قلم اصلي',NULL,1,300.00,600.00,43,'2022-10-15 11:06:23',0,300),
(441,'بطارية باناسونيك ابو قلم',NULL,2,1200.00,2000.00,43,'2022-10-15 11:07:17',0,2400),
(442,'بطارية باناسونيك ريمونت',NULL,2,1000.00,1500.00,43,'2022-10-15 11:07:59',0,2000),
(443,'S3 بطارية سامسونج تيماكس',NULL,1,2300.00,3500.00,43,'2022-10-15 11:10:05',0,2300),
(444,'S4 بطارية سامسونج تيماكس',NULL,1,2400.00,3600.00,43,'2022-10-15 11:10:52',0,2400),
(445,'S5 بطارية سامسونج تيماكس',NULL,1,2800.00,4000.00,43,'2022-10-15 11:11:27',0,2800),
(446,'Note 3 بطارية سامسونج تيماكس',NULL,1,3500.00,4500.00,43,'2022-10-15 11:13:07',0,3500),
(447,'Note 4 بطارية سامسونج تيماكس',NULL,2,3100.00,5000.00,43,'2022-10-15 11:13:51',0,6200),
(448,'699 بطارية سامسونج تيماكس',NULL,3,1520.00,2500.00,43,'2022-10-15 11:14:33',0,4560),
(449,'619 بطارية سامسونج تيماكس',NULL,2,1520.00,2500.00,43,'2022-10-15 11:15:09',0,3040),
(450,'869 بطارية سامسونج تيماكس',NULL,2,1670.00,2600.00,43,'2022-10-15 11:15:56',0,3340),
(451,'LG Stylo 3 بطارية تيماكس',NULL,1,2890.00,4000.00,43,'2022-10-15 11:16:53',0,2890),
(452,'خازن تيماكس قوة 10 الف لاسلكي',NULL,1,7900.00,11500.00,31,'2022-10-15 03:10:36',0,7900),
(453,'خازن تيماكس قوة 20 الف فاست',NULL,1,13100.00,16000.00,31,'2022-10-15 03:15:01',0,13100),
(454,'خازن ميجا ديجيتال قوة 20 الف',NULL,1,12000.00,15500.00,31,'2022-10-15 03:16:33',0,12000),
(455,'خازن ميجا ديجيتال قوة 10 الف',NULL,1,7600.00,10500.00,31,'2022-10-15 03:17:12',0,7600),
(456,'خازن هوكو قوة 10 الف',NULL,1,5000.00,7500.00,31,'2022-10-15 03:20:21',0,5000),
(457,'خازن قوة 1800',NULL,1,1500.00,2500.00,31,'2022-10-15 03:21:30',0,1500),
(458,'لاصق كيبورد',NULL,8,150.00,300.00,47,'2022-10-15 03:22:02',0,1200),
(459,'Clip 01 اشتراك ميجا ديجيتال',NULL,3,1200.00,2200.00,14,'2022-10-15 03:25:13',0,3600),
(460,'B06 اشتراك ثلاثة مداخل',NULL,4,850.00,1500.00,14,'2022-10-15 03:26:26',0,3400),
(461,'HB اشتراك',NULL,5,500.00,1000.00,14,'2022-10-15 03:27:53',0,2500),
(462,'Super B اشتراك',NULL,3,600.00,1200.00,14,'2022-10-15 03:28:37',0,1800),
(463,'B62/76 اشتراك ثلاثة منافذ',NULL,5,700.00,1300.00,14,'2022-10-15 03:33:14',0,3500),
(464,'اشتراك الملك',NULL,2,950.00,1800.00,14,'2022-10-15 03:33:44',0,1900),
(465,'B78 اشتراك',NULL,7,1000.00,1600.00,14,'2022-10-15 03:36:03',0,7000),
(466,'اشتراك ولاعة',NULL,6,450.00,1000.00,14,'2022-10-15 03:37:46',0,2700),
(467,'اشتراك ابو شاشة 4 منافذ',NULL,1,1100.00,2000.00,14,'2022-10-15 03:38:30',0,1100),
(468,'قواعد+اشتراك',NULL,3,350.00,750.00,14,'2022-10-15 03:39:03',0,1050),
(469,'Woody قواعد شحن عادي',NULL,4,450.00,750.00,15,'2022-10-15 03:39:42',0,1800),
(470,'Woody قواعد شحن اصلي',NULL,6,650.00,1100.00,15,'2022-10-15 03:40:44',0,3900),
(471,'خلفية شفاف بدون مسكة مدرع',NULL,100,300.00,1000.00,28,'2022-10-15 03:45:12',0,30000),
(472,'خلفية شفاف ابو مسكة ',NULL,64,450.00,1000.00,28,'2022-10-15 03:46:08',0,28800),
(473,'خلفية شفاف عادي',NULL,48,250.00,800.00,28,'2022-10-15 03:49:04',0,12000),
(474,'خلفية نسائي ابو مسكة',NULL,36,600.00,1000.00,28,'2022-10-15 03:50:11',0,21600),
(475,'خلفية مائي',NULL,5,850.00,1500.00,28,'2022-10-15 04:35:18',0,4250),
(476,'خلفية سلكون عادي',NULL,18,650.00,1500.00,28,'2022-10-15 04:37:03',0,11700),
(477,'خلفية سلكون وكالة',NULL,16,1100.00,2200.00,28,'2022-10-15 04:37:41',0,17600),
(478,'خلفية نسائي ابو ذن',NULL,6,500.00,1000.00,28,'2022-10-15 04:38:24',0,3000),
(479,'خلفية يويو',NULL,6,750.00,1300.00,28,'2022-10-15 04:39:13',0,4500),
(480,'خلفية جلد ماركة',NULL,16,1000.00,2000.00,28,'2022-10-15 04:40:22',0,16000),
(481,'خلفية بوبجي',NULL,45,450.00,1000.00,28,'2022-10-15 04:41:07',0,20250),
(482,'خلفية آيباد مطاط',NULL,2,700.00,1500.00,28,'2022-10-15 04:42:15',0,1400),
(483,'خلفية آيباد ابو رسوم محفظة',NULL,5,400.00,1200.00,42,'2022-10-15 04:44:00',0,2000),
(484,'خلفية آيباد جلد محفظة',NULL,6,1300.00,2300.00,42,'2022-10-15 04:45:37',0,7800),
(485,'خلفية آيباد مطاط كبير',NULL,1,1100.00,2000.00,28,'2022-10-15 04:46:22',0,1100),
(486,'محفظة جمب',NULL,3,600.00,1200.00,47,'2022-10-15 04:47:12',0,1800),
(487,'محفظة حزام',NULL,3,750.00,1500.00,47,'2022-10-15 04:47:34',0,2250),
(488,'خلفية جوال جلد محفظة',NULL,17,1000.00,2000.00,29,'2022-10-15 04:48:09',0,17000),
(489,'خلفية جوال جلد الكتروني',NULL,50,1200.00,2000.00,29,'2022-10-15 04:49:47',0,60000),
(491,'لاصق زجاج عادي',NULL,785,120.00,500.00,32,'2022-10-15 04:53:39',0,94080),
(492,'لاصق آيباد تاب اس 8',NULL,1,1300.00,2000.00,33,'2022-10-15 04:55:19',0,1300),
(493,'لاصق آيباد كبير',NULL,27,500.00,1000.00,33,'2022-10-15 04:56:49',0,13500),
(494,'لاصق آيباد صغير',NULL,21,600.00,1000.00,33,'2022-10-15 04:57:24',0,12600),
(495,'لاصق ليزر عادي',NULL,31,650.00,1500.00,34,'2022-10-15 04:58:38',0,20150),
(496,'لاصق ليزر اصلي',NULL,5,1200.00,2000.00,34,'2022-10-15 04:59:18',0,6000),
(497,'لاصق ليزر ميجا ديجيتال',NULL,17,1000.00,2000.00,34,'2022-10-15 05:00:01',0,17000),
(498,'لاصق ليزر عاكس',NULL,7,1150.00,2000.00,34,'2022-10-15 05:01:03',0,8050),
(499,'ذاكرة 4 جيجا',NULL,10,1000.00,1500.00,30,'2022-10-15 05:02:45',0,10000),
(500,'ذاكرة 8 جيجا',NULL,10,1050.00,1800.00,30,'2022-10-15 05:03:28',0,10500),
(501,'ذاكرة 16 جيجا',NULL,8,1200.00,2200.00,30,'2022-10-15 05:04:39',0,9600),
(502,'X-Treme ذاكرة 64 جيجا',NULL,7,2800.00,3300.00,30,'2022-10-15 05:07:13',0,19600),
(503,'PNY ذاكرة 16 جيجا',NULL,4,1500.00,2000.00,30,'2022-10-15 05:09:08',0,6000),
(504,'ذاكرة 128 جيجا ساندسك الترا',NULL,2,5850.00,7000.00,30,'2022-10-15 05:10:52',0,11700),
(505,'ذاكرة 64 جيجا ساندسك الترا',NULL,1,3250.00,4000.00,30,'2022-10-15 05:11:47',0,3250),
(506,'ذاكرة 32 جيجا ساندسك الترا',NULL,5,2200.00,3000.00,30,'2022-10-15 05:12:33',0,11000),
(507,'ذاكرة 32 جيجا ساندسك',NULL,7,2080.00,2700.00,30,'2022-10-15 05:13:36',0,14560),
(508,'فلاش 64 جيجا تايب سي ساندسك الترا',NULL,2,5100.00,6500.00,30,'2022-10-15 05:15:42',0,10200),
(509,'فلاش 32 جيجا تايب سي ساندسك الترا',NULL,2,3900.00,5000.00,30,'2022-10-15 05:17:05',0,7800),
(510,'فلاش 128 جيجا جلاكسي ساندسك الترا',NULL,2,6900.00,8000.00,30,'2022-10-15 05:19:53',0,13800),
(511,'فلاش 64 جيجا جلاكسي ساندسك الترا',NULL,3,3750.00,5500.00,30,'2022-10-15 05:20:54',0,11250),
(512,'فلاش 32 جيجا جلاكسي ساندسك الترا',NULL,3,2550.00,3500.00,30,'2022-10-15 05:22:22',0,7650),
(513,'USB Flash فلاش 128 جيجا تايب سي',NULL,2,2100.00,3500.00,30,'2022-10-15 05:23:54',0,4200),
(514,'MD Fash توصيلة ميجا ديجيتال تايب سي',NULL,10,450.00,1500.00,48,'2022-10-15 08:44:35',0,4500),
(515,'S10 غلاف بطارية',NULL,1,1500.00,3000.00,49,'2022-10-15 08:51:53',0,1500),
(516,'S10+ غلاف بطارية',NULL,1,1800.00,3600.00,49,'2022-10-15 08:52:34',0,1800),
(517,'S 9 غلاف بطارية',NULL,2,1400.00,2800.00,49,'2022-10-15 08:53:30',0,2800),
(518,'S 9+ غلاف بطارية',NULL,2,1600.00,3200.00,49,'2022-10-15 08:54:07',0,3200),
(519,'S 8 غلاف بطارية',NULL,3,1200.00,2400.00,49,'2022-10-15 08:54:56',0,3600),
(520,'S8+ غلاف بطارية',NULL,2,1300.00,2600.00,49,'2022-10-15 08:55:21',0,2600),
(521,'S7 غلاف بطارية',NULL,3,1000.00,2000.00,49,'2022-10-15 08:56:24',0,3000),
(522,'S7 Edge غلاف بطارية',NULL,1,900.00,1800.00,49,'2022-10-15 08:56:58',0,900),
(523,'S6 غلاف بطارية',NULL,1,800.00,1600.00,49,'2022-10-15 08:57:19',0,800),
(524,'Note9 غلاف بطارية',NULL,3,1700.00,3400.00,49,'2022-10-15 08:59:03',0,5100),
(525,'Note8 غلاف بطارية',NULL,2,1600.00,3200.00,49,'2022-10-15 08:59:32',0,3200),
(526,'A20 غلاف بطارية',NULL,1,1200.00,2400.00,49,'2022-10-15 09:00:30',0,1200),
(527,'Stylo6 غلاف بطارية',NULL,1,2000.00,4000.00,49,'2022-10-15 09:01:03',0,2000),
(528,'Stylo5 غلاف بطارية',NULL,1,1600.00,3200.00,49,'2022-10-15 09:04:52',0,1600),
(529,'Stylo4 غلاف بطارية',NULL,1,1600.00,3200.00,49,'2022-10-15 09:05:17',0,1600),
(530,'LG غلاف بطارية',NULL,4,750.00,1500.00,49,'2022-10-15 09:05:46',0,3000),
(531,' غلاف بطارية سامسونج منوع',NULL,17,350.00,700.00,49,'2022-10-15 09:07:08',0,5950),
(532,'غلاف بطارية نوكيا منوع',NULL,6,150.00,500.00,49,'2022-10-15 09:07:38',0,900),
(533,'حامل شريحة',NULL,20,500.00,1300.00,37,'2022-10-15 09:08:37',0,10000),
(534,'لاصق حراري منوع',NULL,6,400.00,1000.00,35,'2022-10-15 09:09:37',0,2400),
(535,'Edge لاصق',NULL,10,500.00,1000.00,32,'2022-10-15 09:10:24',0,5000),
(536,'لاصق ذهبي آيفون',NULL,3,500.00,1000.00,32,'2022-10-15 09:13:35',0,1500),
(537,'لاصق آيفون وكالة',NULL,6,850.00,1500.00,32,'2022-10-15 09:15:04',0,5100),
(538,'Note لاصق ابو بصمة 10',NULL,1,1100.00,2000.00,32,'2022-10-15 09:18:16',0,1100),
(539,'سبورة الكتروني',NULL,2,1500.00,2500.00,47,'2022-10-15 09:20:38',0,3000),
(540,'A32 جوال سامسونج',NULL,1,59920.00,62000.00,45,'2022-10-16 05:08:03',0,59920),
(541,'A02S جوال سامسونج',NULL,1,36400.00,38000.00,45,'2022-10-16 05:09:43',0,36400),
(542,'A11 جوال سامسونج',NULL,1,35840.00,40000.00,45,'2022-10-16 05:11:11',0,35840),
(543,'A10e جوال سامسونج',NULL,1,28000.00,32000.00,45,'2022-10-16 05:12:47',0,28000),
(544,'J7 جوال مستخدم',NULL,1,20000.00,30000.00,45,'2022-10-16 05:21:39',0,20000),
(545,'XT1766 جوال موتوريلا',NULL,1,21280.00,24000.00,45,'2022-10-16 05:27:37',0,21280),
(546,'8C جوال هواوي هنور',NULL,1,39200.00,44000.00,45,'2022-10-16 05:30:31',0,39200),
(547,'CL-20 جوال هواوي هنور',NULL,1,24640.00,28000.00,45,'2022-10-16 05:31:50',0,24640),
(548,'LG 420 جوال',NULL,1,26880.00,32000.00,45,'2022-10-16 05:33:03',0,26880),
(549,'LG 210 جوال',NULL,1,24640.00,28000.00,45,'2022-10-16 05:34:22',0,24640),
(550,'LG Stylo 6 جوال',NULL,1,49280.00,55000.00,45,'2022-10-16 05:36:54',0,49280),
(551,'LG Stylo 5 جوال',NULL,1,31920.00,35000.00,45,'2022-10-16 05:39:21',0,31920),
(552,'LG Stylo 4 جوال',NULL,1,26320.00,30000.00,45,'2022-10-16 05:40:12',0,26320),
(553,'Note 9 جوال سامسونج',NULL,1,94080.00,105000.00,45,'2022-10-16 05:41:53',0,94080),
(554,'Note 8 جوال سامسونج',NULL,1,67200.00,73000.00,45,'2022-10-16 05:43:11',0,67200),
(555,'S8 جوال سامسونج',NULL,1,44800.00,50000.00,45,'2022-10-16 05:43:49',0,44800),
(556,'S9 جوال سامسونج',NULL,1,56000.00,60000.00,45,'2022-10-16 05:44:40',0,56000),
(557,'S9+ جوال سامسونج',NULL,1,78400.00,83000.00,45,'2022-10-16 05:45:35',0,78400),
(558,'S7 جوال سامسونج',NULL,1,26880.00,30000.00,45,'2022-10-16 05:46:47',0,26880),
(559,'N10 جوال ون بلاس',NULL,1,63840.00,67000.00,45,'2022-10-17 01:25:57',0,63840),
(560,'N100 جوال ون بلاس',NULL,1,53200.00,55000.00,45,'2022-10-17 01:27:27',0,53200),
(561,'739 جوال سامسونج',NULL,2,6720.00,9000.00,45,'2022-10-17 01:29:21',0,13440),
(562,'738 جوال سامسونج',NULL,1,8400.00,11000.00,45,'2022-10-17 01:30:36',0,8400),
(563,'3509 جوال سامسونج',NULL,1,8960.00,12000.00,45,'2022-10-17 01:31:42',0,8960),
(564,'3819 جوال سامسونج',NULL,1,12320.00,15000.00,45,'2022-10-17 01:32:37',0,12320),
(565,'LG GSM L57 هاتف',NULL,1,10000.00,13000.00,45,'2022-10-17 01:34:08',0,10000),
(566,'V12 هاتف المدرع',NULL,1,14550.00,16000.00,45,'2022-10-17 01:35:12',0,14550),
(567,' هاتف المدرع العلمي',NULL,1,14560.00,16000.00,45,'2022-10-17 01:37:02',0,14560),
(568,'هاتف المدرع بلاس',NULL,1,7840.00,12000.00,45,'2022-10-17 01:37:44',0,7840),
(569,'هاتف نوكيا 105',NULL,1,6720.00,10000.00,45,'2022-10-17 01:38:21',0,6720),
(570,'هاتف نوكيا 1208',NULL,1,4200.00,5500.00,45,'2022-10-17 01:40:02',0,4200),
(571,'هاتف نوكيا 1616',NULL,1,4200.00,5500.00,45,'2022-10-17 01:40:38',0,4200),
(572,'LG هاتف الجوكر',NULL,2,7840.00,10000.00,45,'2022-10-17 01:42:56',0,15680),
(573,'آيباد لينيفو شريحتين',NULL,1,25220.00,28000.00,46,'2022-10-17 01:43:54',0,25220),
(574,'آيباد تاب جلاكسي 5500',NULL,3,12000.00,15000.00,46,'2022-10-17 01:45:39',0,36000),
(575,'آيباد تاب تايب سي 5500',NULL,3,15000.00,17000.00,46,'2022-10-17 01:47:43',0,45000),
(576,'ZTE 8000 جوال',NULL,1,10800.00,12000.00,45,'2022-10-17 01:48:39',0,10800),
(577,'بطارية lg استايل 4.5.6',NULL,3,2700.00,4000.00,43,'2022-10-17 11:47:37',0,0),
(578,'بطاريات s6 edge',NULL,1,3000.00,4500.00,43,'2022-10-17 11:48:36',0,0),
(579,'بطارية هواوي العنيد',NULL,5,750.00,1000.00,43,'2022-10-17 12:01:12',0,0),
(580,'تحويلة tayp.c سماعه',NULL,0,900.00,1500.00,22,'2022-10-17 02:10:18',0,0),
(583,'X-LOOD X-H23 سماعة عظمة',NULL,5,550.00,1500.00,5,'2022-10-20 10:53:58',0,2750),
(584,'خلفية سلكون طبية',NULL,0,900.00,1500.00,28,'2022-10-20 11:03:24',0,0),
(585,'مساكات جلكسي جوال',NULL,5,250.00,500.00,47,'2022-10-20 11:12:27',0,0),
(586,'خلفية ايباكي ابو خاتم',NULL,9,550.00,1500.00,28,'2022-10-20 11:17:24',0,0),
(587,'لاصق ليزر استراكت',NULL,3,560.00,1500.00,34,'2022-10-20 11:29:32',0,0),
(588,'جوال هواوي كارز',NULL,3,5400.00,6500.00,45,'2022-10-20 08:21:59',0,0),
(589,'2019 A آيباد تاب',NULL,1,32500.00,40000.00,46,'2022-10-20 08:31:41',0,0),
(590,'S21 Ultra محفظة تيماكس جلد',NULL,1,900.00,1500.00,29,'2022-10-20 08:33:45',0,0),
(591,'S21 U خلفية شفاف',NULL,3,300.00,1000.00,28,'2022-10-20 08:34:38',0,0),
(592,'تحويلة آيفون اوكس',NULL,2,550.00,1000.00,22,'2022-10-20 08:37:52',0,0),
(593,'S8 AV توصيلة راموس',NULL,3,750.00,1500.00,48,'2022-10-20 08:38:39',0,0),
(594,'A0 توصيلة القوة الخارقة آيفون',NULL,3,700.00,1500.00,48,'2022-10-20 08:40:08',0,0),
(595,'لاصق ليزر عاكس 1 بلاس',NULL,2,1150.00,2000.00,34,'2022-10-20 08:41:25',0,0),
(596,'S9+ خلفية شفاف',NULL,2,300.00,1000.00,28,'2022-10-20 08:42:05',0,0);
/*!40000 ALTER TABLE `products` ENABLE KEYS */;
UNLOCK TABLES;

--
-- Table structure for table `purchase_items`
--

DROP TABLE IF EXISTS `purchase_items`;
/*!40101 SET @saved_cs_client     = @@character_set_client */;
/*!40101 SET character_set_client = utf8 */;
CREATE TABLE `purchase_items` (
  `buyid` int(11) unsigned NOT NULL AUTO_INCREMENT,
  `supp_name` varchar(50) NOT NULL,
  `supp_id` int(11) NOT NULL,
  `name` varchar(255) NOT NULL,
  `buy_price` double NOT NULL,
  `quantity` int(11) NOT NULL,
  `pushtosupp` double NOT NULL,
  `buys_date` date NOT NULL,
  `total_d` double NOT NULL,
  `s` int(11) NOT NULL,
  PRIMARY KEY (`buyid`),
  KEY `buys_date` (`buys_date`)
) ENGINE=InnoDB AUTO_INCREMENT=25 DEFAULT CHARSET=utf8mb3 COLLATE=utf8mb3_general_ci;
/*!40101 SET character_set_client = @saved_cs_client */;

--
-- Dumping data for table `purchase_items`
--

LOCK TABLES `purchase_items` WRITE;
/*!40000 ALTER TABLE `purchase_items` DISABLE KEYS */;
INSERT INTO `purchase_items` VALUES
(2,'محمد حسين نايف بارق',0,'بطارية lg استايل 4.5.6',8100,3,0,'2022-10-16',0,0),
(3,'محمد حسين نايف بارق',0,'S3 بطارية',3300,2,0,'2022-10-16',0,0),
(4,'محمد حسين نايف بارق',0,'بطارية نوكيا 6600',4000,5,0,'2022-10-16',0,0),
(5,'محمد حسين نايف بارق',0,'بطارية 355',1300,1,0,'2022-10-16',0,0),
(6,'محمد حسين نايف بارق',0,'سماعة ابل اير بودز برو وكالة',16000,2,0,'2022-10-16',0,0),
(7,'محمد حسين نايف بارق',0,'تحويلة من تايب سي الى سماعة',4500,5,0,'2022-10-16',0,0),
(8,'محمد حسين نايف بارق',0,'عادي i12 سماعة ابل اير بودز',10000,5,0,'2022-10-16',0,0),
(9,'محمد حسين نايف بارق',0,'بطارية هواوي العنيد',3750,5,0,'2022-10-16',0,0),
(10,'محمد حسين نايف بارق',0,'بطاريات s6 edge',3000,1,0,'2022-10-16',0,0),
(11,'',0,'X-LOOD X-H23 سماعة عظمة',2750,5,0,'2022-10-19',2750,0),
(12,'',0,'مساكات جلكسي جوال',1250,5,0,'2022-10-19',0,0),
(13,'',0,'خلفية ايباكي ابو خاتم',4950,9,0,'2022-10-19',0,0),
(14,'',0,'لاصق ليزر استراكت',1680,3,0,'2022-10-19',0,0),
(15,'',0,'لاصق زجاج عادي',120,1,0,'2022-10-19',0,0),
(16,'',0,'جوال هواوي كارز',16200,3,0,'2022-10-19',0,0),
(17,'',0,'2019 A آيباد تاب',32500,1,0,'2022-10-19',0,0),
(18,'',0,'S21 Ultra محفظة تيماكس جلد',900,1,0,'2022-10-19',0,0),
(19,'',0,'S9+ خلفية شفاف',600,2,0,'2022-10-19',0,0),
(20,'',0,'لاصق ليزر عاكس 1 بلاس',2300,2,0,'2022-10-19',0,0),
(21,'',0,'A0 توصيلة القوة الخارقة آيفون',2100,3,0,'2022-10-19',0,0),
(22,'',0,'S8 AV توصيلة راموس',2250,3,0,'2022-10-19',0,0),
(23,'',0,'تحويلة آيفون اوكس',1100,2,0,'2022-10-19',0,0),
(24,'',0,'S21 U خلفية شفاف',900,3,0,'2022-10-19',0,0);
/*!40000 ALTER TABLE `purchase_items` ENABLE KEYS */;
UNLOCK TABLES;

--
-- Table structure for table `purchase_returns`
--

DROP TABLE IF EXISTS `purchase_returns`;
/*!40101 SET @saved_cs_client     = @@character_set_client */;
/*!40101 SET character_set_client = utf8 */;
CREATE TABLE `purchase_returns` (
  `id` int(11) NOT NULL AUTO_INCREMENT,
  `purchase_id` int(11) NOT NULL,
  `product_id` int(11) NOT NULL,
  `product_name` varchar(200) NOT NULL,
  `quantity` int(11) NOT NULL,
  `unit_price` double NOT NULL,
  `refund_amount` double NOT NULL,
  `reason` varchar(200) DEFAULT NULL,
  `return_date` date NOT NULL,
  `user` varchar(100) NOT NULL,
  `created_at` timestamp NOT NULL DEFAULT current_timestamp(),
  `currency_code` varchar(10) DEFAULT 'YER',
  `exchange_rate` double DEFAULT 1,
  `status` enum('active','cancelled') DEFAULT 'active',
  `box_id` int(11) DEFAULT NULL,
  `refund_method` enum('cash','credit') DEFAULT 'cash',
  `refund_source` varchar(50) DEFAULT 'box',
  PRIMARY KEY (`id`),
  KEY `purchase_id` (`purchase_id`),
  KEY `box_id` (`box_id`)
) ENGINE=InnoDB AUTO_INCREMENT=3 DEFAULT CHARSET=utf8mb4 COLLATE=utf8mb4_unicode_ci;
/*!40101 SET character_set_client = @saved_cs_client */;

--
-- Dumping data for table `purchase_returns`
--

LOCK TABLES `purchase_returns` WRITE;
/*!40000 ALTER TABLE `purchase_returns` DISABLE KEYS */;
/*!40000 ALTER TABLE `purchase_returns` ENABLE KEYS */;
UNLOCK TABLES;

--
-- Table structure for table `purchases`
--

DROP TABLE IF EXISTS `purchases`;
/*!40101 SET @saved_cs_client     = @@character_set_client */;
/*!40101 SET character_set_client = utf8 */;
CREATE TABLE `purchases` (
  `id` int(11) NOT NULL AUTO_INCREMENT,
  `supp_name` varchar(100) NOT NULL,
  `total` double NOT NULL,
  `remark` varchar(100) NOT NULL,
  `date` date NOT NULL,
  `currency_code` varchar(10) DEFAULT 'YER',
  `exchange_rate` double DEFAULT 1,
  `box_id` int(11) NOT NULL DEFAULT 1,
  PRIMARY KEY (`id`),
  KEY `idx_purchases_box` (`box_id`)
) ENGINE=InnoDB AUTO_INCREMENT=13 DEFAULT CHARSET=utf8mb4 COLLATE=utf8mb4_general_ci;
/*!40101 SET character_set_client = @saved_cs_client */;

--
-- Dumping data for table `purchases`
--

LOCK TABLES `purchases` WRITE;
/*!40000 ALTER TABLE `purchases` DISABLE KEYS */;
INSERT INTO `purchases` VALUES
(1,'محمد حسين نايف بارق',53950,'','2022-10-16','YER',1,1),
(2,'',2750,'','2022-10-19','YER',1,1),
(3,'',1250,'','2022-10-19','YER',1,1),
(4,'',4950,'','2022-10-19','YER',1,1),
(5,'',1680,'','2022-10-19','YER',1,1),
(6,'',120,'','2022-10-19','YER',1,1),
(7,'',16200,'','2022-10-19','YER',1,1),
(8,'',32500,'','2022-10-19','YER',1,1),
(9,'',10150,'','2022-10-19','YER',1,1);
/*!40000 ALTER TABLE `purchases` ENABLE KEYS */;
UNLOCK TABLES;

--
-- Table structure for table `receipts`
--

DROP TABLE IF EXISTS `receipts`;
/*!40101 SET @saved_cs_client     = @@character_set_client */;
/*!40101 SET character_set_client = utf8 */;
CREATE TABLE `receipts` (
  `qid` int(11) unsigned NOT NULL AUTO_INCREMENT,
  `cust_name` varchar(100) NOT NULL,
  `q_price` double NOT NULL,
  `remark` varchar(100) NOT NULL,
  `q_date` date NOT NULL,
  `total` double NOT NULL,
  `s` int(11) NOT NULL,
  `box_id` int(11) NOT NULL DEFAULT 1,
  PRIMARY KEY (`qid`),
  KEY `idx_receipts_box` (`box_id`)
) ENGINE=InnoDB DEFAULT CHARSET=utf8mb3 COLLATE=utf8mb3_general_ci;
/*!40101 SET character_set_client = @saved_cs_client */;

--
-- Dumping data for table `receipts`
--

LOCK TABLES `receipts` WRITE;
/*!40000 ALTER TABLE `receipts` DISABLE KEYS */;
/*!40000 ALTER TABLE `receipts` ENABLE KEYS */;
UNLOCK TABLES;

--
-- Table structure for table `sales`
--

DROP TABLE IF EXISTS `sales`;
/*!40101 SET @saved_cs_client     = @@character_set_client */;
/*!40101 SET character_set_client = utf8 */;
CREATE TABLE `sales` (
  `id` int(50) NOT NULL AUTO_INCREMENT,
  `cust_name` varchar(100) NOT NULL,
  `build_date` date NOT NULL,
  `total` double(10,2) NOT NULL,
  `prifet` double NOT NULL,
  `remark` text NOT NULL,
  `delete_status` tinyint(4) NOT NULL,
  `currency_code` varchar(10) DEFAULT 'YER',
  `exchange_rate` double DEFAULT 1,
  `remaining_total` double DEFAULT 0,
  `profit_total` double DEFAULT 0 COMMENT 'الربح الفعلي بعد المردودات',
  `box_id` int(11) NOT NULL DEFAULT 1,
  PRIMARY KEY (`id`),
  KEY `idx_sales_box` (`box_id`)
) ENGINE=InnoDB DEFAULT CHARSET=utf8mb4 COLLATE=utf8mb4_general_ci;
/*!40101 SET character_set_client = @saved_cs_client */;

--
-- Dumping data for table `sales`
--

LOCK TABLES `sales` WRITE;
/*!40000 ALTER TABLE `sales` DISABLE KEYS */;
/*!40000 ALTER TABLE `sales` ENABLE KEYS */;
UNLOCK TABLES;

--
-- Table structure for table `sales_cancellations`
--

DROP TABLE IF EXISTS `sales_cancellations`;
/*!40101 SET @saved_cs_client     = @@character_set_client */;
/*!40101 SET character_set_client = utf8 */;
CREATE TABLE `sales_cancellations` (
  `id` int(11) NOT NULL AUTO_INCREMENT,
  `sales_id` int(11) NOT NULL,
  `reason` varchar(500) DEFAULT NULL,
  `user` varchar(100) DEFAULT NULL,
  `cancelled_at` timestamp NOT NULL DEFAULT current_timestamp(),
  PRIMARY KEY (`id`)
) ENGINE=InnoDB DEFAULT CHARSET=utf8mb4 COLLATE=utf8mb4_general_ci;
/*!40101 SET character_set_client = @saved_cs_client */;

--
-- Dumping data for table `sales_cancellations`
--

LOCK TABLES `sales_cancellations` WRITE;
/*!40000 ALTER TABLE `sales_cancellations` DISABLE KEYS */;
/*!40000 ALTER TABLE `sales_cancellations` ENABLE KEYS */;
UNLOCK TABLES;

--
-- Table structure for table `sales_items`
--

DROP TABLE IF EXISTS `sales_items`;
/*!40101 SET @saved_cs_client     = @@character_set_client */;
/*!40101 SET character_set_client = utf8 */;
CREATE TABLE `sales_items` (
  `p_id` int(50) NOT NULL AUTO_INCREMENT,
  `sales_id` int(50) NOT NULL,
  `id` int(11) NOT NULL,
  `cust_name` varchar(100) NOT NULL,
  `name` varchar(200) DEFAULT NULL,
  `quantity` int(20) NOT NULL,
  `unit_price` double(10,2) NOT NULL,
  `bush` double NOT NULL,
  `dis` double NOT NULL,
  `d` double NOT NULL,
  `total` double(10,2) NOT NULL,
  `all_tot` double NOT NULL,
  `build_date` date NOT NULL,
  `remaining` double DEFAULT 0 COMMENT 'المتبقي للعميل على هذا البند',
  `currency_code` varchar(10) DEFAULT 'YER',
  `exchange_rate` double DEFAULT 1,
  PRIMARY KEY (`p_id`),
  KEY `quantity` (`quantity`),
  KEY `product_id` (`id`),
  KEY `sales_id` (`sales_id`),
  KEY `sales_id_2` (`sales_id`)
) ENGINE=InnoDB DEFAULT CHARSET=utf8mb4 COLLATE=utf8mb4_general_ci;
/*!40101 SET character_set_client = @saved_cs_client */;

--
-- Dumping data for table `sales_items`
--

LOCK TABLES `sales_items` WRITE;
/*!40000 ALTER TABLE `sales_items` DISABLE KEYS */;
/*!40000 ALTER TABLE `sales_items` ENABLE KEYS */;
UNLOCK TABLES;

--
-- Table structure for table `sales_returns`
--

DROP TABLE IF EXISTS `sales_returns`;
/*!40101 SET @saved_cs_client     = @@character_set_client */;
/*!40101 SET character_set_client = utf8 */;
CREATE TABLE `sales_returns` (
  `id` int(11) NOT NULL AUTO_INCREMENT,
  `sales_id` int(11) NOT NULL DEFAULT 0,
  `product_id` int(11) DEFAULT NULL,
  `product_name` varchar(200) DEFAULT NULL,
  `quantity` int(11) DEFAULT 1,
  `unit_price` double DEFAULT 0,
  `refund_amount` double DEFAULT 0,
  `reason` varchar(200) DEFAULT NULL,
  `return_date` date DEFAULT NULL,
  `user` varchar(100) DEFAULT NULL,
  `created_at` timestamp NOT NULL DEFAULT current_timestamp(),
  `sales_item_id` int(11) DEFAULT NULL COMMENT 'رقم البند في الفاتورة',
  `original_unit_price` double DEFAULT 0 COMMENT 'سعر البيع الأصلي من الفاتورة',
  `original_buy_price` double DEFAULT 0 COMMENT 'سعر الشراء الأصلي',
  `profit_impact` double DEFAULT 0 COMMENT 'تأثير المرتجع على الربح (سالب)',
  `currency_code` varchar(10) DEFAULT 'YER',
  `exchange_rate` double DEFAULT 1,
  `status` enum('active','cancelled') DEFAULT 'active',
  `box_id` int(11) NOT NULL DEFAULT 1,
  `refund_method` enum('cash','credit') NOT NULL DEFAULT 'cash',
  `refund_source` varchar(50) DEFAULT 'box',
  PRIMARY KEY (`id`),
  KEY `idx_returns_sales` (`sales_id`),
  KEY `idx_returns_box` (`box_id`)
) ENGINE=InnoDB DEFAULT CHARSET=utf8mb4 COLLATE=utf8mb4_general_ci;
/*!40101 SET character_set_client = @saved_cs_client */;

--
-- Dumping data for table `sales_returns`
--

LOCK TABLES `sales_returns` WRITE;
/*!40000 ALTER TABLE `sales_returns` DISABLE KEYS */;
/*!40000 ALTER TABLE `sales_returns` ENABLE KEYS */;
UNLOCK TABLES;

--
-- Table structure for table `settings`
--

DROP TABLE IF EXISTS `settings`;
/*!40101 SET @saved_cs_client     = @@character_set_client */;
/*!40101 SET character_set_client = utf8 */;
CREATE TABLE `settings` (
  `id` int(11) NOT NULL,
  `store_name` varchar(100) NOT NULL,
  `phone` varchar(50) DEFAULT NULL,
  `address` text DEFAULT NULL,
  `commercial_register` varchar(100) DEFAULT NULL,
  `tax_number` varchar(100) DEFAULT NULL,
  `currency` varchar(20) DEFAULT 'ريال يمني',
  `barcode_scanner` tinyint(1) DEFAULT 1,
  `printer_type` varchar(50) DEFAULT 'receipt_80mm',
  `tax_percent` double DEFAULT 0,
  `low_stock_threshold` int(11) DEFAULT 5,
  `receipt_footer` text DEFAULT NULL,
  `logo` varchar(255) DEFAULT NULL,
  `cashier_permissions` text DEFAULT NULL,
  `inventory_permissions` text DEFAULT NULL,
  `is_configured` tinyint(1) NOT NULL DEFAULT 0 COMMENT 'تحديد إذا ما تم تشغيل معالج الإعداد الأول',
  PRIMARY KEY (`id`)
) ENGINE=InnoDB DEFAULT CHARSET=utf8mb4 COLLATE=utf8mb4_general_ci;
/*!40101 SET character_set_client = @saved_cs_client */;

--
-- Dumping data for table `settings`
--

LOCK TABLES `settings` WRITE;
/*!40000 ALTER TABLE `settings` DISABLE KEYS */;
INSERT INTO `settings` VALUES
(1,'متجر تكنولوجي فون','7772912027','صنعاء - شارع الستين','','','ريال يمني',1,'receipt_80mm',0,5,'شكرًا لزيارتكم! البضاعة المباعة لا ترد ولا تستبدل إلا خلال 3 أيام بموجب الفاتورة.','icon/tec.jpg','sales,customers,receipts','products,categories,purchases,suppliers',0);
/*!40000 ALTER TABLE `settings` ENABLE KEYS */;
UNLOCK TABLES;

--
-- Table structure for table `supplier_payments`
--

DROP TABLE IF EXISTS `supplier_payments`;
/*!40101 SET @saved_cs_client     = @@character_set_client */;
/*!40101 SET character_set_client = utf8 */;
CREATE TABLE `supplier_payments` (
  `bush_id` int(11) NOT NULL AUTO_INCREMENT,
  `supp_name` varchar(100) NOT NULL,
  `bush_price` double NOT NULL,
  `remark` varchar(100) NOT NULL,
  `bush_date` date NOT NULL,
  PRIMARY KEY (`bush_id`),
  KEY `bush_id` (`bush_id`)
) ENGINE=InnoDB AUTO_INCREMENT=5 DEFAULT CHARSET=utf8mb4 COLLATE=utf8mb4_general_ci;
/*!40101 SET character_set_client = @saved_cs_client */;

--
-- Dumping data for table `supplier_payments`
--

LOCK TABLES `supplier_payments` WRITE;
/*!40000 ALTER TABLE `supplier_payments` DISABLE KEYS */;
INSERT INTO `supplier_payments` VALUES
(4,'محمد حسين نايف بارق',20000,'من الحساب','2022-10-16');
/*!40000 ALTER TABLE `supplier_payments` ENABLE KEYS */;
UNLOCK TABLES;

--
-- Table structure for table `suppliers`
--

DROP TABLE IF EXISTS `suppliers`;
/*!40101 SET @saved_cs_client     = @@character_set_client */;
/*!40101 SET character_set_client = utf8 */;
CREATE TABLE `suppliers` (
  `supp_id` int(11) NOT NULL AUTO_INCREMENT,
  `supp_name` varchar(100) NOT NULL,
  `supp_madeen` double(100,2) NOT NULL,
  `supp_daain` double NOT NULL,
  `buy_date` date NOT NULL,
  `phone` varchar(100) NOT NULL,
  `d_s` int(11) NOT NULL,
  PRIMARY KEY (`supp_id`)
) ENGINE=InnoDB AUTO_INCREMENT=3 DEFAULT CHARSET=utf8mb4 COLLATE=utf8mb4_general_ci;
/*!40101 SET character_set_client = @saved_cs_client */;

--
-- Dumping data for table `suppliers`
--

LOCK TABLES `suppliers` WRITE;
/*!40000 ALTER TABLE `suppliers` DISABLE KEYS */;
INSERT INTO `suppliers` VALUES
(1,'محمد حسين نايف بارق',0.00,33950,'2022-10-17','771644515',0);
/*!40000 ALTER TABLE `suppliers` ENABLE KEYS */;
UNLOCK TABLES;

--
-- Table structure for table `system_backups`
--

DROP TABLE IF EXISTS `system_backups`;
/*!40101 SET @saved_cs_client     = @@character_set_client */;
/*!40101 SET character_set_client = utf8 */;
CREATE TABLE `system_backups` (
  `id` int(11) NOT NULL AUTO_INCREMENT,
  `backup_name` varchar(150) NOT NULL COMMENT 'اسم ملف النسخة الاحتياطية',
  `file_path` varchar(255) NOT NULL,
  `backup_type` enum('manual','daily','weekly') NOT NULL,
  `file_size` bigint(20) NOT NULL COMMENT 'حجم الملف بالبايت',
  `created_by` varchar(100) NOT NULL,
  `created_at` timestamp NOT NULL DEFAULT current_timestamp(),
  PRIMARY KEY (`id`)
) ENGINE=InnoDB DEFAULT CHARSET=utf8mb4 COLLATE=utf8mb4_general_ci;
/*!40101 SET character_set_client = @saved_cs_client */;

--
-- Dumping data for table `system_backups`
--

LOCK TABLES `system_backups` WRITE;
/*!40000 ALTER TABLE `system_backups` DISABLE KEYS */;
/*!40000 ALTER TABLE `system_backups` ENABLE KEYS */;
UNLOCK TABLES;

--
-- Table structure for table `system_licensing`
--

DROP TABLE IF EXISTS `system_licensing`;
/*!40101 SET @saved_cs_client     = @@character_set_client */;
/*!40101 SET character_set_client = utf8 */;
CREATE TABLE `system_licensing` (
  `id` int(11) NOT NULL AUTO_INCREMENT,
  `machine_id` varchar(255) NOT NULL COMMENT 'المعرف الفريد للجهاز المولد من الهاردوير',
  `company_name` varchar(150) NOT NULL COMMENT 'اسم المنشأة المرخصة',
  `owner_name` varchar(100) NOT NULL,
  `phone` varchar(50) NOT NULL,
  `city` varchar(50) NOT NULL,
  `license_type` enum('trial','daily','weekly','monthly','yearly','lifetime') NOT NULL,
  `start_date` date NOT NULL,
  `expiry_date` date NOT NULL,
  `modules_enabled` text NOT NULL COMMENT 'قائمة الوحدات المفعلة مفصولة بفاصلة',
  `max_users` int(11) NOT NULL DEFAULT 1,
  `max_branches` int(11) NOT NULL DEFAULT 1,
  `license_key` text NOT NULL COMMENT 'محتوى الترخيص المشفر والموقع رقمياً',
  `activation_status` tinyint(1) NOT NULL DEFAULT 0,
  `tampering_lock` tinyint(1) NOT NULL DEFAULT 0 COMMENT 'قفل أمني عند اكتشاف تلاعب بالتوقيت',
  `activated_at` timestamp NULL DEFAULT NULL,
  `updated_at` timestamp NOT NULL DEFAULT current_timestamp() ON UPDATE current_timestamp(),
  PRIMARY KEY (`id`),
  UNIQUE KEY `machine_id` (`machine_id`)
) ENGINE=InnoDB AUTO_INCREMENT=2 DEFAULT CHARSET=utf8mb4 COLLATE=utf8mb4_general_ci;
/*!40101 SET character_set_client = @saved_cs_client */;

--
-- Dumping data for table `system_licensing`
--

LOCK TABLES `system_licensing` WRITE;
/*!40000 ALTER TABLE `system_licensing` DISABLE KEYS */;
INSERT INTO `system_licensing` VALUES
(1,'847eac80c1c1aae0a34715cc8b3e03bedc6f7fefd3b48ef99a037d6713967686','متجر تكنولوجي فون','نشوان الصلوي','777989395','غير محدد','weekly','2026-06-21','2026-06-28','',5,1,'{\n    \"payload\": \"eyJtYWNoaW5lX2lkIjoiODQ3ZWFjODBjMWMxYWFlMGEzNDcxNWNjOGIzZTAzYmVkYzZmN2ZlZmQzYjQ4ZWY5OWEwMzdkNjcxMzk2NzY4NiIsImNvbXBhbnlfbmFtZSI6Ilx1MDY0NVx1MDYyYVx1MDYyY1x1MDYzMSBcdTA2MmFcdTA2NDNcdTA2NDZcdTA2NDhcdTA2NDRcdTA2NDhcdTA2MmNcdTA2NGEgXHUwNjQxXHUwNjQ4XHUwNjQ2Iiwib3duZXJfbmFtZSI6Ilx1MDY0Nlx1MDYzNFx1MDY0OFx1MDYyN1x1MDY0NiBcdTA2MjdcdTA2NDRcdTA2MzVcdTA2NDRcdTA2NDhcdTA2NGEiLCJwaG9uZSI6Ijc3Nzk4OTM5NSIsImxpY2Vuc2VfdHlwZSI6IndlZWtseSIsInN0YXJ0X2RhdGUiOiIyMDI2LTA2LTIxIiwiZXhwaXJ5X2RhdGUiOiIyMDI2LTA2LTI4IiwibW9kdWxlc19lbmFibGVkIjoiIiwibWF4X3VzZXJzIjo1LCJtYXhfYnJhbmNoZXMiOjEsImlzc3VlZF9hdCI6IjIwMjYtMDYtMjEgMTI6MDY6MjIifQ==\",\n    \"signature\": \"Ccu9m+yowWzwx15d9ob9A8u3Q\\/iS3iK4YXiD2KypOe7K01eyb2mCR\\/Io0eGXRfDe3ZY7pHCK9TEcSWgWIHg7g63b2jdSZokFNayY7LezkDAedtnZDVVPl58QbtQ+d0Ey8G4Vna45RR8kiQLOo28Fy82iTRCOMCuiA7PKrHuKhiNBG50CbfH00oN6h8r1621pJuEboaseHZxQYOm+XAiiLegSwy5KT1IVgCSrv7e8cHu+SnCXoAEQtoNNpdEorIVzldHwJT3G+MVzXA1AMa1kjJE0hLKh4XTDXYqZAzt+q6YrXZ\\/JXNqIZOuiw+FTawyVhtIxR84SOrMZdFaSdnN\\/WQ==\",\n    \"public_key\": \"-----BEGIN PUBLIC KEY-----\\nMIIBIjANBgkqhkiG9w0BAQEFAAOCAQ8AMIIBCgKCAQEArT5fQVLJS\\/+w+PlOKJfu\\nmJ36otlvuNmwHNmBaLC9bxHzxlj3+iRL\\/ROZ19kI23A5X8M1GOmg381GD3+qYSzo\\nfuXN2rMF\\/dmdk4nuc47uPeSGw36osLdW1zVt9Bokz5zFchzhFKDrB8PdhfBgKdTG\\n4in9JsYpiHUbmCQDZqIh1eW8iHhse7c+QBxKNnS2NeWOc4oYA3wbLnaadz8N1B1J\\nczb75N1cXb+KmyZyAtgiM9KoeFD8sMOKZ9\\/ppvslYWenQNQ+UyF8lHEfoh7wu0Bt\\n\\/X4wfo7IcUD1CCmTuGmJo\\/1EqSOLYTwOYOhI4DpamE413pV3CT4LZdMGl1Tiym3g\\niwIDAQAB\\n-----END PUBLIC KEY-----\\n\"\n}',1,0,'2026-06-21 12:06:31','2026-06-21 12:06:31');
/*!40000 ALTER TABLE `system_licensing` ENABLE KEYS */;
UNLOCK TABLES;

--
-- Table structure for table `system_time_check`
--

DROP TABLE IF EXISTS `system_time_check`;
/*!40101 SET @saved_cs_client     = @@character_set_client */;
/*!40101 SET character_set_client = utf8 */;
CREATE TABLE `system_time_check` (
  `id` int(11) NOT NULL AUTO_INCREMENT,
  `last_run_date` date NOT NULL COMMENT 'آخر تاريخ تم التحقق فيه من النظام',
  `last_run_time` datetime NOT NULL COMMENT 'آخر تاريخ ووقت دقيق تم تسجيله للنظام',
  `client_ip` varchar(45) DEFAULT NULL,
  `updated_at` timestamp NOT NULL DEFAULT current_timestamp() ON UPDATE current_timestamp(),
  PRIMARY KEY (`id`)
) ENGINE=InnoDB AUTO_INCREMENT=2 DEFAULT CHARSET=utf8mb4 COLLATE=utf8mb4_general_ci;
/*!40101 SET character_set_client = @saved_cs_client */;

--
-- Dumping data for table `system_time_check`
--

LOCK TABLES `system_time_check` WRITE;
/*!40000 ALTER TABLE `system_time_check` DISABLE KEYS */;
INSERT INTO `system_time_check` VALUES
(1,'2026-06-21','2026-06-21 20:53:54',NULL,'2026-06-21 20:53:54');
/*!40000 ALTER TABLE `system_time_check` ENABLE KEYS */;
UNLOCK TABLES;

--
-- Table structure for table `system_updates`
--

DROP TABLE IF EXISTS `system_updates`;
/*!40101 SET @saved_cs_client     = @@character_set_client */;
/*!40101 SET character_set_client = utf8 */;
CREATE TABLE `system_updates` (
  `id` int(11) NOT NULL AUTO_INCREMENT,
  `version` varchar(30) NOT NULL COMMENT 'رقم الإصدار (e.g. 2.1.0)',
  `released_date` date DEFAULT NULL,
  `applied_at` timestamp NOT NULL DEFAULT current_timestamp(),
  `description` text DEFAULT NULL,
  `status` enum('success','failed') NOT NULL,
  PRIMARY KEY (`id`)
) ENGINE=InnoDB DEFAULT CHARSET=utf8mb4 COLLATE=utf8mb4_general_ci;
/*!40101 SET character_set_client = @saved_cs_client */;

--
-- Dumping data for table `system_updates`
--

LOCK TABLES `system_updates` WRITE;
/*!40000 ALTER TABLE `system_updates` DISABLE KEYS */;
/*!40000 ALTER TABLE `system_updates` ENABLE KEYS */;
UNLOCK TABLES;

--
-- Table structure for table `treasury`
--

DROP TABLE IF EXISTS `treasury`;
/*!40101 SET @saved_cs_client     = @@character_set_client */;
/*!40101 SET character_set_client = utf8 */;
CREATE TABLE `treasury` (
  `box_id` int(11) NOT NULL AUTO_INCREMENT,
  `name` varchar(100) NOT NULL DEFAULT 'الصندوق الرئيسي',
  `mony` double NOT NULL,
  `remark` varchar(100) NOT NULL,
  `user_id` int(11) DEFAULT NULL,
  `is_active` tinyint(1) NOT NULL DEFAULT 1,
  PRIMARY KEY (`box_id`),
  KEY `idx_treasury_user` (`user_id`)
) ENGINE=InnoDB AUTO_INCREMENT=2 DEFAULT CHARSET=utf8mb4 COLLATE=utf8mb4_general_ci;
/*!40101 SET character_set_client = @saved_cs_client */;

--
-- Dumping data for table `treasury`
--

LOCK TABLES `treasury` WRITE;
/*!40000 ALTER TABLE `treasury` DISABLE KEYS */;
INSERT INTO `treasury` VALUES
(1,'الصندوق الرئيسي',0,'box',NULL,1);
/*!40000 ALTER TABLE `treasury` ENABLE KEYS */;
UNLOCK TABLES;

--
-- Table structure for table `treasury_closings`
--

DROP TABLE IF EXISTS `treasury_closings`;
/*!40101 SET @saved_cs_client     = @@character_set_client */;
/*!40101 SET character_set_client = utf8 */;
CREATE TABLE `treasury_closings` (
  `id` int(11) NOT NULL AUTO_INCREMENT,
  `box_id` int(11) NOT NULL,
  `close_date` date NOT NULL,
  `expected_balance` double NOT NULL,
  `actual_balance` double NOT NULL,
  `difference` double NOT NULL,
  `transferred_amount` double NOT NULL DEFAULT 0,
  `user` varchar(100) NOT NULL,
  `notes` varchar(500) DEFAULT NULL,
  `created_at` timestamp NOT NULL DEFAULT current_timestamp(),
  PRIMARY KEY (`id`)
) ENGINE=InnoDB DEFAULT CHARSET=utf8mb4 COLLATE=utf8mb4_general_ci;
/*!40101 SET character_set_client = @saved_cs_client */;

--
-- Dumping data for table `treasury_closings`
--

LOCK TABLES `treasury_closings` WRITE;
/*!40000 ALTER TABLE `treasury_closings` DISABLE KEYS */;
/*!40000 ALTER TABLE `treasury_closings` ENABLE KEYS */;
UNLOCK TABLES;

--
-- Table structure for table `treasury_expenses`
--

DROP TABLE IF EXISTS `treasury_expenses`;
/*!40101 SET @saved_cs_client     = @@character_set_client */;
/*!40101 SET character_set_client = utf8 */;
CREATE TABLE `treasury_expenses` (
  `sid` int(11) NOT NULL AUTO_INCREMENT,
  `bush_id` int(11) NOT NULL,
  `st` varchar(20) NOT NULL,
  `sname` varchar(100) NOT NULL,
  `sdate` date NOT NULL,
  `sprice` double NOT NULL,
  `sremark` varchar(100) NOT NULL,
  `tot` int(11) NOT NULL,
  `s` int(11) NOT NULL,
  `box_id` int(11) NOT NULL DEFAULT 1,
  PRIMARY KEY (`sid`),
  KEY `bush_id` (`bush_id`),
  KEY `bush_id_2` (`bush_id`),
  KEY `idx_expenses_box` (`box_id`)
) ENGINE=InnoDB AUTO_INCREMENT=2 DEFAULT CHARSET=utf8mb4 COLLATE=utf8mb4_general_ci;
/*!40101 SET character_set_client = @saved_cs_client */;

--
-- Dumping data for table `treasury_expenses`
--

LOCK TABLES `treasury_expenses` WRITE;
/*!40000 ALTER TABLE `treasury_expenses` DISABLE KEYS */;
INSERT INTO `treasury_expenses` VALUES
(1,0,'تسديد مورد','محمد حسين نايف بارق','2022-10-16',20000,'من الحساب',20000,0,1);
/*!40000 ALTER TABLE `treasury_expenses` ENABLE KEYS */;
UNLOCK TABLES;

--
-- Table structure for table `treasury_transactions`
--

DROP TABLE IF EXISTS `treasury_transactions`;
/*!40101 SET @saved_cs_client     = @@character_set_client */;
/*!40101 SET character_set_client = utf8 */;
CREATE TABLE `treasury_transactions` (
  `id` int(11) NOT NULL AUTO_INCREMENT,
  `mony` int(100) NOT NULL,
  `statue` varchar(20) NOT NULL,
  `remark` varchar(100) NOT NULL,
  `datte` date NOT NULL,
  `box_id` int(11) NOT NULL DEFAULT 1,
  PRIMARY KEY (`id`),
  KEY `idx_treasury_trans_box` (`box_id`)
) ENGINE=InnoDB AUTO_INCREMENT=7 DEFAULT CHARSET=utf8mb4 COLLATE=utf8mb4_general_ci;
/*!40101 SET character_set_client = @saved_cs_client */;

--
-- Dumping data for table `treasury_transactions`
--

LOCK TABLES `treasury_transactions` WRITE;
/*!40000 ALTER TABLE `treasury_transactions` DISABLE KEYS */;
/*!40000 ALTER TABLE `treasury_transactions` ENABLE KEYS */;
UNLOCK TABLES;

--
-- Table structure for table `users`
--

DROP TABLE IF EXISTS `users`;
/*!40101 SET @saved_cs_client     = @@character_set_client */;
/*!40101 SET character_set_client = utf8 */;
CREATE TABLE `users` (
  `userid` int(20) NOT NULL,
  `username` varchar(100) NOT NULL DEFAULT '',
  `full_name` varchar(150) DEFAULT NULL COMMENT 'الاسم الكامل للموظف',
  `password` varchar(100) NOT NULL DEFAULT '',
  `phone` varchar(30) NOT NULL,
  `code` varchar(100) NOT NULL,
  `position` varchar(20) NOT NULL,
  `custom_permissions` text DEFAULT NULL COMMENT 'صلاحيات مخصصة للمستخدم تتجاوز صلاحيات الدور',
  PRIMARY KEY (`username`)
) ENGINE=InnoDB DEFAULT CHARSET=utf8mb4 COLLATE=utf8mb4_general_ci;
/*!40101 SET character_set_client = @saved_cs_client */;

--
-- Dumping data for table `users`
--

LOCK TABLES `users` WRITE;
/*!40000 ALTER TABLE `users` DISABLE KEYS */;
INSERT INTO `users` VALUES
(1,'a','نشوان الصلوي','777','777','111','admin',NULL),
(2,'b','b','222','222','222','cashier',NULL),
(3,'c','c','333','333','333','cashier',NULL),
(4,'d','d','444','444','444','cashier',NULL);
/*!40000 ALTER TABLE `users` ENABLE KEYS */;
UNLOCK TABLES;
/*!40103 SET TIME_ZONE=@OLD_TIME_ZONE */;

/*!40101 SET SQL_MODE=@OLD_SQL_MODE */;
/*!40014 SET FOREIGN_KEY_CHECKS=@OLD_FOREIGN_KEY_CHECKS */;
/*!40014 SET UNIQUE_CHECKS=@OLD_UNIQUE_CHECKS */;
/*!40101 SET CHARACTER_SET_CLIENT=@OLD_CHARACTER_SET_CLIENT */;
/*!40101 SET CHARACTER_SET_RESULTS=@OLD_CHARACTER_SET_RESULTS */;
/*!40101 SET COLLATION_CONNECTION=@OLD_COLLATION_CONNECTION */;
/*!40111 SET SQL_NOTES=@OLD_SQL_NOTES */;

-- Dump completed on 2026-06-22  0:02:08
